Date,Time,StoreID,CustomerID,OrderID,Product Name,Price
2023-01-01,00:00:00,Store_001,Cust_177,4c58c7b5-9d1d-40f9-a0d7-edbf29cec1c1,Keyboard,45.0
2023-01-01,00:00:00,Store_001,Cust_177,4c58c7b5-9d1d-40f9-a0d7-edbf29cec1c1,Printer,150.0
2023-01-01,00:00:00,Store_001,Cust_177,4c58c7b5-9d1d-40f9-a0d7-edbf29cec1c1,Laptop,1200.0
2023-01-01,00:00:00,Store_001,Cust_644,4796dca4-4f58-4b29-994b-4c08e68e7748,Monitor,300.0
2023-01-01,00:00:00,Store_001,Cust_644,4796dca4-4f58-4b29-994b-4c08e68e7748,Mouse,25.0
2023-01-01,00:00:00,Store_001,Cust_644,4796dca4-4f58-4b29-994b-4c08e68e7748,Keyboard,45.0
2023-01-01,00:00:00,Store_001,Cust_478,4313d20f-563e-4811-a75d-953c1419e2bb,Mouse,25.0
2023-01-01,00:00:00,Store_001,Cust_478,4313d20f-563e-4811-a75d-953c1419e2bb,Laptop,1200.0
2023-01-01,00:00:00,Store_001,Cust_478,4313d20f-563e-4811-a75d-953c1419e2bb,Keyboard,45.0
2023-01-01,00:00:00,Store_001,Cust_479,f35b189c-ef6c-49a2-9a01-f1505dee94fd,Laptop,1200.0
2023-01-01,00:00:00,Store_001,Cust_479,f35b189c-ef6c-49a2-9a01-f1505dee94fd,Keyboard,45.0
2023-01-01,00:00:00,Store_001,Cust_479,f35b189c-ef6c-49a2-9a01-f1505dee94fd,Monitor,300.0
2023-01-01,00:00:00,Store_001,Cust_749,9e98694e-5ddb-43a6-b6f0-d0843664791b,Mouse,25.0
2023-01-01,00:00:00,Store_001,Cust_749,9e98694e-5ddb-43a6-b6f0-d0843664791b,Printer,150.0
2023-01-01,00:00:00,Store_001,Cust_749,9e98694e-5ddb-43a6-b6f0-d0843664791b,Monitor,300.0
2023-01-02,00:00:00,Store_001,Cust_139,0d00f719-59c3-43f1-bc1a-521f45066c5d,Laptop,1200.0
2023-01-02,00:00:00,Store_001,Cust_932,08dcbf6e-82b6-4cd1-848a-1024f4726ffc,Printer,150.0
2023-01-02,00:00:00,Store_001,Cust_802,43c2ecae-316b-4bf6-9706-1c41b5f65f03,Monitor,300.0
2023-01-02,00:00:00,Store_001,Cust_949,1395ec49-08c2-40cf-b4e4-811bd6d0ea0d,Monitor,300.0
2023-01-02,00:00:00,Store_001,Cust_949,1395ec49-08c2-40cf-b4e4-811bd6d0ea0d,Printer,150.0
2023-01-02,00:00:00,Store_001,Cust_810,c1531943-7a9d-4bf9-ab92-6dfa91096959,Mouse,25.0
2023-01-02,00:00:00,Store_001,Cust_810,c1531943-7a9d-4bf9-ab92-6dfa91096959,Monitor,300.0
2023-01-02,00:00:00,Store_001,Cust_810,c1531943-7a9d-4bf9-ab92-6dfa91096959,Keyboard,45.0
2023-01-02,00:00:00,Store_001,Cust_457,7320cad6-e4e2-467a-980a-f6c9a037d214,Mouse,25.0
2023-01-03,00:00:00,Store_001,Cust_539,c08d35ad-2203-471a-8518-5b3b2cdb847e,Monitor,300.0
2023-01-03,00:00:00,Store_001,Cust_539,c08d35ad-2203-471a-8518-5b3b2cdb847e,Laptop,1200.0
2023-01-03,00:00:00,Store_001,Cust_539,c08d35ad-2203-471a-8518-5b3b2cdb847e,Keyboard,45.0
2023-01-03,00:00:00,Store_001,Cust_231,97ece143-3ace-4942-b9c3-0877e83fa43e,Monitor,300.0
2023-01-03,00:00:00,Store_001,Cust_231,97ece143-3ace-4942-b9c3-0877e83fa43e,Printer,150.0
2023-01-03,00:00:00,Store_001,Cust_231,97ece143-3ace-4942-b9c3-0877e83fa43e,Keyboard,45.0
2023-01-03,00:00:00,Store_001,Cust_358,b6e96ea4-87db-4157-895c-00e6da89eb67,Mouse,25.0
2023-01-03,00:00:00,Store_001,Cust_358,b6e96ea4-87db-4157-895c-00e6da89eb67,Monitor,300.0
2023-01-03,00:00:00,Store_001,Cust_358,b6e96ea4-87db-4157-895c-00e6da89eb67,Keyboard,45.0
2023-01-03,00:00:00,Store_001,Cust_937,58663e05-9127-4a42-8728-53b9c110c738,Keyboard,45.0
2023-01-03,00:00:00,Store_001,Cust_937,58663e05-9127-4a42-8728-53b9c110c738,Printer,150.0
2023-01-03,00:00:00,Store_001,Cust_937,58663e05-9127-4a42-8728-53b9c110c738,Mouse,25.0
2023-01-03,00:00:00,Store_001,Cust_261,d72a839d-d4f7-4300-a348-48e89f5f0983,Laptop,1200.0
2023-01-03,00:00:00,Store_001,Cust_261,d72a839d-d4f7-4300-a348-48e89f5f0983,Monitor,300.0
2023-01-03,00:00:00,Store_001,Cust_261,d72a839d-d4f7-4300-a348-48e89f5f0983,Mouse,25.0
2023-01-03,00:00:00,Store_001,Cust_878,39048e27-32d3-4b04-afeb-a2c403d4124d,Keyboard,45.0
2023-01-03,00:00:00,Store_001,Cust_878,39048e27-32d3-4b04-afeb-a2c403d4124d,Monitor,300.0
2023-01-03,00:00:00,Store_001,Cust_878,39048e27-32d3-4b04-afeb-a2c403d4124d,Mouse,25.0
2023-01-03,00:00:00,Store_001,Cust_754,7c006101-1c06-4cb9-b5b4-4d14af072b39,Laptop,1200.0
2023-01-03,00:00:00,Store_001,Cust_754,7c006101-1c06-4cb9-b5b4-4d14af072b39,Monitor,300.0
2023-01-03,00:00:00,Store_001,Cust_140,aa0512ef-b6d0-46a6-8a30-2c78b92db62f,Monitor,300.0
2023-01-03,00:00:00,Store_001,Cust_140,aa0512ef-b6d0-46a6-8a30-2c78b92db62f,Laptop,1200.0
2023-01-03,00:00:00,Store_001,Cust_692,16018942-1b3e-47b3-b013-ab62049baa34,Printer,150.0
2023-01-03,00:00:00,Store_001,Cust_313,21f11748-f46a-4c50-b1b1-76483ae2b2fd,Keyboard,45.0
2023-01-03,00:00:00,Store_001,Cust_313,21f11748-f46a-4c50-b1b1-76483ae2b2fd,Monitor,300.0
2023-01-03,00:00:00,Store_001,Cust_890,8694bc71-cff1-49f7-a286-bb2b3893f71d,Keyboard,45.0
2023-01-03,00:00:00,Store_001,Cust_890,8694bc71-cff1-49f7-a286-bb2b3893f71d,Monitor,300.0
2023-01-03,00:00:00,Store_001,Cust_757,5347bea9-a199-4378-8fd1-03b758813f6e,Keyboard,45.0
2023-01-03,00:00:00,Store_001,Cust_757,5347bea9-a199-4378-8fd1-03b758813f6e,Monitor,300.0
2023-01-03,00:00:00,Store_001,Cust_757,5347bea9-a199-4378-8fd1-03b758813f6e,Mouse,25.0
2023-01-03,00:00:00,Store_001,Cust_890,f4a352ef-e61a-47e5-b64d-744b95e4d984,Mouse,25.0
2023-01-03,00:00:00,Store_001,Cust_890,f4a352ef-e61a-47e5-b64d-744b95e4d984,Monitor,300.0
2023-01-03,00:00:00,Store_001,Cust_890,f4a352ef-e61a-47e5-b64d-744b95e4d984,Laptop,1200.0
2023-01-03,00:00:00,Store_001,Cust_217,905eeebb-a65a-40ba-8ef5-403cf88aa61f,Printer,150.0
2023-01-03,00:00:00,Store_001,Cust_217,905eeebb-a65a-40ba-8ef5-403cf88aa61f,Monitor,300.0
2023-01-03,00:00:00,Store_001,Cust_007,23bef2af-f09b-487d-85d6-28d9e9af3e76,Mouse,25.0
2023-01-04,00:00:00,Store_001,Cust_409,f1008f37-7239-40e5-95f3-73195c015255,Keyboard,45.0
2023-01-04,00:00:00,Store_001,Cust_409,f1008f37-7239-40e5-95f3-73195c015255,Printer,150.0
2023-01-04,00:00:00,Store_001,Cust_409,f1008f37-7239-40e5-95f3-73195c015255,Laptop,1200.0
2023-01-04,00:00:00,Store_001,Cust_197,c2fc3a35-6a08-47a7-9c07-6e4e8b1d8256,Mouse,25.0
2023-01-04,00:00:00,Store_001,Cust_542,437830ef-328c-4d94-a737-46fa27164606,Mouse,25.0
2023-01-04,00:00:00,Store_001,Cust_542,437830ef-328c-4d94-a737-46fa27164606,Monitor,300.0
2023-01-04,00:00:00,Store_001,Cust_542,437830ef-328c-4d94-a737-46fa27164606,Keyboard,45.0
2023-01-04,00:00:00,Store_001,Cust_173,e62dbd3d-ee94-4b0f-aae1-144b6e7d3d08,Keyboard,45.0
2023-01-04,00:00:00,Store_001,Cust_912,b8192568-3355-45d8-80be-7fc5da3203f7,Mouse,25.0
2023-01-04,00:00:00,Store_001,Cust_912,b8192568-3355-45d8-80be-7fc5da3203f7,Printer,150.0
2023-01-04,00:00:00,Store_001,Cust_878,9eefa99e-21bf-4058-9953-a6874579770a,Mouse,25.0
2023-01-04,00:00:00,Store_001,Cust_878,9eefa99e-21bf-4058-9953-a6874579770a,Printer,150.0
2023-01-04,00:00:00,Store_001,Cust_878,9eefa99e-21bf-4058-9953-a6874579770a,Monitor,300.0
2023-01-04,00:00:00,Store_001,Cust_422,382dcef7-560e-4a2a-ac8f-1814177eb29c,Laptop,1200.0
2023-01-04,00:00:00,Store_001,Cust_422,382dcef7-560e-4a2a-ac8f-1814177eb29c,Monitor,300.0
2023-01-04,00:00:00,Store_001,Cust_422,382dcef7-560e-4a2a-ac8f-1814177eb29c,Mouse,25.0
2023-01-04,00:00:00,Store_001,Cust_221,b0ab4f7a-6aa7-4dd0-9dc9-82eb31883435,Monitor,300.0
2023-01-04,00:00:00,Store_001,Cust_370,8ea7d9a4-fcbd-45e3-8deb-17fc07f6b429,Printer,150.0
2023-01-04,00:00:00,Store_001,Cust_994,26d48615-1b3a-4d14-8c9b-8be1b6a7827b,Laptop,1200.0
2023-01-04,00:00:00,Store_001,Cust_994,26d48615-1b3a-4d14-8c9b-8be1b6a7827b,Keyboard,45.0
2023-01-04,00:00:00,Store_001,Cust_327,b33807c5-4114-46ae-941f-8b90ec814160,Mouse,25.0
2023-01-04,00:00:00,Store_001,Cust_327,b33807c5-4114-46ae-941f-8b90ec814160,Keyboard,45.0
2023-01-04,00:00:00,Store_001,Cust_327,b33807c5-4114-46ae-941f-8b90ec814160,Monitor,300.0
2023-01-05,00:00:00,Store_001,Cust_111,22cd381a-2768-4bdc-936e-b7c16ab87f35,Laptop,1200.0
2023-01-05,00:00:00,Store_001,Cust_427,46f8259d-b9dc-4c10-8df2-bb4da8abcdd6,Printer,150.0
2023-01-05,00:00:00,Store_001,Cust_427,46f8259d-b9dc-4c10-8df2-bb4da8abcdd6,Mouse,25.0
2023-01-05,00:00:00,Store_001,Cust_427,46f8259d-b9dc-4c10-8df2-bb4da8abcdd6,Laptop,1200.0
2023-01-06,00:00:00,Store_001,Cust_982,cda633ca-b87a-4851-8f82-318120d5ae9b,Monitor,300.0
2023-01-06,00:00:00,Store_001,Cust_982,cda633ca-b87a-4851-8f82-318120d5ae9b,Laptop,1200.0
2023-01-06,00:00:00,Store_001,Cust_020,29d38446-aba3-4848-b5da-651c903301f6,Keyboard,45.0
2023-01-06,00:00:00,Store_001,Cust_442,dce9f4d1-fd98-45d2-8f33-9e4a4f692419,Mouse,25.0
2023-01-06,00:00:00,Store_001,Cust_549,cc6266cd-a9a8-46de-997c-80dd5906cee4,Keyboard,45.0
2023-01-06,00:00:00,Store_001,Cust_549,cc6266cd-a9a8-46de-997c-80dd5906cee4,Monitor,300.0
2023-01-06,00:00:00,Store_001,Cust_488,c0a43e9c-34d8-41c1-990b-b7ca28d037d3,Keyboard,45.0
2023-01-06,00:00:00,Store_001,Cust_928,8b472168-b4f3-4321-9933-8e74497ef298,Monitor,300.0
2023-01-06,00:00:00,Store_001,Cust_317,ad220b6d-44ab-41e5-ba94-b4f2929742ac,Monitor,300.0
2023-01-06,00:00:00,Store_001,Cust_317,ad220b6d-44ab-41e5-ba94-b4f2929742ac,Keyboard,45.0
2023-01-06,00:00:00,Store_001,Cust_481,79353115-2ae2-4341-826c-0671d48a2e39,Printer,150.0
2023-01-06,00:00:00,Store_001,Cust_481,79353115-2ae2-4341-826c-0671d48a2e39,Monitor,300.0
2023-01-06,00:00:00,Store_001,Cust_379,cccd3274-c5f8-4544-8fe0-7265fec65292,Mouse,25.0
2023-01-06,00:00:00,Store_001,Cust_434,1bb58d5b-92cc-4550-be87-b7c61b639e0e,Mouse,25.0
2023-01-06,00:00:00,Store_001,Cust_894,e9a7eefe-230b-42e2-950a-a723e016a555,Monitor,300.0
2023-01-06,00:00:00,Store_001,Cust_894,e9a7eefe-230b-42e2-950a-a723e016a555,Printer,150.0
2023-01-06,00:00:00,Store_001,Cust_542,a88852ac-e3a5-4f32-a30a-e13597138155,Laptop,1200.0
2023-01-06,00:00:00,Store_001,Cust_542,a88852ac-e3a5-4f32-a30a-e13597138155,Monitor,300.0
2023-01-06,00:00:00,Store_001,Cust_686,6bd33a91-c0de-48c1-b3c5-7f32d5fab931,Mouse,25.0
2023-01-06,00:00:00,Store_001,Cust_686,6bd33a91-c0de-48c1-b3c5-7f32d5fab931,Monitor,300.0
2023-01-06,00:00:00,Store_001,Cust_686,6bd33a91-c0de-48c1-b3c5-7f32d5fab931,Keyboard,45.0
2023-01-07,00:00:00,Store_001,Cust_007,5796683f-842b-44c9-a781-1088f8c17d97,Keyboard,45.0
2023-01-07,00:00:00,Store_001,Cust_040,b53b34f2-a344-4571-9ac4-30be2bec77b3,Printer,150.0
2023-01-07,00:00:00,Store_001,Cust_114,b6411b7f-47b6-4cab-a6eb-18e1fec4fbc3,Laptop,1200.0
2023-01-07,00:00:00,Store_001,Cust_114,b6411b7f-47b6-4cab-a6eb-18e1fec4fbc3,Mouse,25.0
2023-01-07,00:00:00,Store_001,Cust_114,b6411b7f-47b6-4cab-a6eb-18e1fec4fbc3,Printer,150.0
2023-01-07,00:00:00,Store_001,Cust_200,b53e8460-e6e3-4950-943b-72a453d95059,Monitor,300.0
2023-01-07,00:00:00,Store_001,Cust_200,b53e8460-e6e3-4950-943b-72a453d95059,Printer,150.0
2023-01-07,00:00:00,Store_001,Cust_200,b53e8460-e6e3-4950-943b-72a453d95059,Keyboard,45.0
2023-01-07,00:00:00,Store_001,Cust_081,5244c0ae-acc8-43ae-9bc6-79614053b911,Printer,150.0
2023-01-07,00:00:00,Store_001,Cust_081,5244c0ae-acc8-43ae-9bc6-79614053b911,Keyboard,45.0
2023-01-07,00:00:00,Store_001,Cust_081,5244c0ae-acc8-43ae-9bc6-79614053b911,Monitor,300.0
2023-01-07,00:00:00,Store_001,Cust_285,08e6332e-9142-4b82-868e-897ec9de47c4,Printer,150.0
2023-01-07,00:00:00,Store_001,Cust_285,08e6332e-9142-4b82-868e-897ec9de47c4,Monitor,300.0
2023-01-07,00:00:00,Store_001,Cust_478,087f277f-caf3-47b0-bcb6-e34b3b472b3a,Printer,150.0
2023-01-07,00:00:00,Store_001,Cust_478,087f277f-caf3-47b0-bcb6-e34b3b472b3a,Mouse,25.0
2023-01-07,00:00:00,Store_001,Cust_478,087f277f-caf3-47b0-bcb6-e34b3b472b3a,Monitor,300.0
2023-01-07,00:00:00,Store_001,Cust_319,7620d09e-3bf9-4aec-90d2-b4e3e5740704,Mouse,25.0
2023-01-07,00:00:00,Store_001,Cust_788,53a7efb6-f857-41a6-aa80-006a8c7cb88e,Laptop,1200.0
2023-01-07,00:00:00,Store_001,Cust_788,53a7efb6-f857-41a6-aa80-006a8c7cb88e,Keyboard,45.0
2023-01-07,00:00:00,Store_001,Cust_076,903ee99e-4a19-45d9-a97e-f306c8ddffef,Printer,150.0
2023-01-07,00:00:00,Store_001,Cust_076,903ee99e-4a19-45d9-a97e-f306c8ddffef,Keyboard,45.0
2023-01-07,00:00:00,Store_001,Cust_076,903ee99e-4a19-45d9-a97e-f306c8ddffef,Monitor,300.0
2023-01-07,00:00:00,Store_001,Cust_942,f2136f59-4a51-4922-b9a5-c7a455873df9,Keyboard,45.0
2023-01-07,00:00:00,Store_001,Cust_942,f2136f59-4a51-4922-b9a5-c7a455873df9,Laptop,1200.0
2023-01-08,00:00:00,Store_001,Cust_316,f6ce8ecc-3003-4cb6-80cb-a80c1e434fc3,Monitor,300.0
2023-01-08,00:00:00,Store_001,Cust_316,f6ce8ecc-3003-4cb6-80cb-a80c1e434fc3,Laptop,1200.0
2023-01-08,00:00:00,Store_001,Cust_316,f6ce8ecc-3003-4cb6-80cb-a80c1e434fc3,Keyboard,45.0
2023-01-08,00:00:00,Store_001,Cust_003,2a850ebd-d63c-4f11-913c-52502a5cc61b,Monitor,300.0
2023-01-08,00:00:00,Store_001,Cust_003,2a850ebd-d63c-4f11-913c-52502a5cc61b,Mouse,25.0
2023-01-08,00:00:00,Store_001,Cust_140,7ef11b58-4fab-45d4-bbb7-2e2428b38e3b,Printer,150.0
2023-01-08,00:00:00,Store_001,Cust_140,7ef11b58-4fab-45d4-bbb7-2e2428b38e3b,Keyboard,45.0
2023-01-08,00:00:00,Store_001,Cust_571,17d8b309-bd7b-475c-8c96-420b0def2249,Keyboard,45.0
2023-01-08,00:00:00,Store_001,Cust_571,17d8b309-bd7b-475c-8c96-420b0def2249,Monitor,300.0
2023-01-08,00:00:00,Store_001,Cust_274,10290b55-8a63-490b-a072-60eb411018b2,Monitor,300.0
2023-01-08,00:00:00,Store_001,Cust_274,10290b55-8a63-490b-a072-60eb411018b2,Mouse,25.0
2023-01-08,00:00:00,Store_001,Cust_274,10290b55-8a63-490b-a072-60eb411018b2,Printer,150.0
2023-01-08,00:00:00,Store_001,Cust_716,6380ba37-5b5b-4c7e-811e-260013c0f263,Keyboard,45.0
2023-01-08,00:00:00,Store_001,Cust_716,6380ba37-5b5b-4c7e-811e-260013c0f263,Monitor,300.0
2023-01-08,00:00:00,Store_001,Cust_477,916ad252-75ec-4d77-a1a9-17c816729b42,Laptop,1200.0
2023-01-08,00:00:00,Store_001,Cust_477,916ad252-75ec-4d77-a1a9-17c816729b42,Mouse,25.0
2023-01-08,00:00:00,Store_001,Cust_498,3b208e11-cdad-40a8-983c-4f3b53fb59e8,Keyboard,45.0
2023-01-08,00:00:00,Store_001,Cust_498,3b208e11-cdad-40a8-983c-4f3b53fb59e8,Monitor,300.0
2023-01-08,00:00:00,Store_001,Cust_498,3b208e11-cdad-40a8-983c-4f3b53fb59e8,Printer,150.0
2023-01-08,00:00:00,Store_001,Cust_564,a827c1d5-5ca6-44da-99e5-83bb5710951f,Mouse,25.0
2023-01-08,00:00:00,Store_001,Cust_564,a827c1d5-5ca6-44da-99e5-83bb5710951f,Keyboard,45.0
2023-01-08,00:00:00,Store_001,Cust_146,36b1e75f-a032-41b4-ac9d-12e6fb58737a,Mouse,25.0
2023-01-08,00:00:00,Store_001,Cust_582,803cc510-eefc-4151-9a5f-a7109c28af75,Laptop,1200.0
2023-01-08,00:00:00,Store_001,Cust_582,803cc510-eefc-4151-9a5f-a7109c28af75,Printer,150.0
2023-01-09,00:00:00,Store_001,Cust_436,89bf26d8-8561-4086-b10d-d11ac25ae10d,Laptop,1200.0
2023-01-09,00:00:00,Store_001,Cust_436,89bf26d8-8561-4086-b10d-d11ac25ae10d,Keyboard,45.0
2023-01-09,00:00:00,Store_001,Cust_436,89bf26d8-8561-4086-b10d-d11ac25ae10d,Monitor,300.0
2023-01-09,00:00:00,Store_001,Cust_040,ac9a8e7f-b353-4653-b313-9f5fa4051c45,Laptop,1200.0
2023-01-09,00:00:00,Store_001,Cust_040,ac9a8e7f-b353-4653-b313-9f5fa4051c45,Mouse,25.0
2023-01-09,00:00:00,Store_001,Cust_040,ac9a8e7f-b353-4653-b313-9f5fa4051c45,Keyboard,45.0
2023-01-09,00:00:00,Store_001,Cust_114,1464b431-abda-4979-a675-1c6e46e4bbba,Monitor,300.0
2023-01-09,00:00:00,Store_001,Cust_114,1464b431-abda-4979-a675-1c6e46e4bbba,Laptop,1200.0
2023-01-09,00:00:00,Store_001,Cust_281,6b7ee031-6af6-4342-b5de-8594ad6ccb1e,Mouse,25.0
2023-01-09,00:00:00,Store_001,Cust_281,6b7ee031-6af6-4342-b5de-8594ad6ccb1e,Laptop,1200.0
2023-01-09,00:00:00,Store_001,Cust_458,f8325096-1e5c-405b-8040-d1f6ce0ddfbc,Mouse,25.0
2023-01-09,00:00:00,Store_001,Cust_458,f8325096-1e5c-405b-8040-d1f6ce0ddfbc,Monitor,300.0
2023-01-09,00:00:00,Store_001,Cust_458,f8325096-1e5c-405b-8040-d1f6ce0ddfbc,Laptop,1200.0
2023-01-09,00:00:00,Store_001,Cust_109,438c5c85-e9bb-4d10-8b77-3ba7f0b5a0ce,Mouse,25.0
2023-01-09,00:00:00,Store_001,Cust_109,438c5c85-e9bb-4d10-8b77-3ba7f0b5a0ce,Monitor,300.0
2023-01-09,00:00:00,Store_001,Cust_109,438c5c85-e9bb-4d10-8b77-3ba7f0b5a0ce,Keyboard,45.0
2023-01-10,00:00:00,Store_001,Cust_655,56403f1a-cd46-4f72-b830-830821112195,Laptop,1200.0
2023-01-10,00:00:00,Store_001,Cust_439,2fcd350a-2cae-407f-8c4b-e7f0c60bb06c,Laptop,1200.0
2023-01-10,00:00:00,Store_001,Cust_439,2fcd350a-2cae-407f-8c4b-e7f0c60bb06c,Printer,150.0
2023-01-10,00:00:00,Store_001,Cust_446,f4f0e14d-732e-4b0d-906f-ebed057b66b3,Keyboard,45.0
2023-01-10,00:00:00,Store_001,Cust_446,f4f0e14d-732e-4b0d-906f-ebed057b66b3,Monitor,300.0
2023-01-10,00:00:00,Store_001,Cust_976,31735b0e-5786-4dc7-ac34-571c0169ec23,Mouse,25.0
2023-01-11,00:00:00,Store_001,Cust_500,50c4c5ad-b62e-456d-a77b-72fc6c50f2d1,Laptop,1200.0
2023-01-11,00:00:00,Store_001,Cust_500,50c4c5ad-b62e-456d-a77b-72fc6c50f2d1,Printer,150.0
2023-01-11,00:00:00,Store_001,Cust_500,50c4c5ad-b62e-456d-a77b-72fc6c50f2d1,Monitor,300.0
2023-01-11,00:00:00,Store_001,Cust_159,50207434-a7df-492e-86e3-1fd18643f60d,Mouse,25.0
2023-01-11,00:00:00,Store_001,Cust_159,50207434-a7df-492e-86e3-1fd18643f60d,Printer,150.0
2023-01-11,00:00:00,Store_001,Cust_036,01b020e6-26f5-45b4-ab76-262cbdbef339,Keyboard,45.0
2023-01-11,00:00:00,Store_001,Cust_171,f29e9708-bc6a-4f81-96fc-76ad5d73ac78,Mouse,25.0
2023-01-11,00:00:00,Store_001,Cust_171,f29e9708-bc6a-4f81-96fc-76ad5d73ac78,Laptop,1200.0
2023-01-11,00:00:00,Store_001,Cust_171,f29e9708-bc6a-4f81-96fc-76ad5d73ac78,Monitor,300.0
2023-01-11,00:00:00,Store_001,Cust_139,45abab45-9a76-4243-b9b4-d4f15ad67615,Printer,150.0
2023-01-11,00:00:00,Store_001,Cust_139,45abab45-9a76-4243-b9b4-d4f15ad67615,Monitor,300.0
2023-01-11,00:00:00,Store_001,Cust_139,45abab45-9a76-4243-b9b4-d4f15ad67615,Keyboard,45.0
2023-01-11,00:00:00,Store_001,Cust_039,2ce09598-dd55-470c-9868-3324154aca40,Monitor,300.0
2023-01-11,00:00:00,Store_001,Cust_039,2ce09598-dd55-470c-9868-3324154aca40,Keyboard,45.0
2023-01-11,00:00:00,Store_001,Cust_946,e61f35ac-de33-49f1-9ff0-7b4d96d9f435,Keyboard,45.0
2023-01-11,00:00:00,Store_001,Cust_946,e61f35ac-de33-49f1-9ff0-7b4d96d9f435,Monitor,300.0
2023-01-11,00:00:00,Store_001,Cust_210,678ca5fe-cc3e-42c6-9414-a40501300fb5,Monitor,300.0
2023-01-11,00:00:00,Store_001,Cust_210,678ca5fe-cc3e-42c6-9414-a40501300fb5,Laptop,1200.0
2023-01-11,00:00:00,Store_001,Cust_210,678ca5fe-cc3e-42c6-9414-a40501300fb5,Mouse,25.0
2023-01-11,00:00:00,Store_001,Cust_530,a2a2dab6-73ef-4dfd-8e27-ccbb9ee3b926,Mouse,25.0
2023-01-11,00:00:00,Store_001,Cust_530,a2a2dab6-73ef-4dfd-8e27-ccbb9ee3b926,Keyboard,45.0
2023-01-11,00:00:00,Store_001,Cust_192,c18edc65-ffa4-4390-9193-c96dfdbda04e,Mouse,25.0
2023-01-12,00:00:00,Store_001,Cust_021,7935891a-b0a9-4ce5-9ec7-c804572cd7ee,Mouse,25.0
2023-01-12,00:00:00,Store_001,Cust_837,1b65ac2f-0da7-40f7-908f-2083cd7e3100,Keyboard,45.0
2023-01-12,00:00:00,Store_001,Cust_837,1b65ac2f-0da7-40f7-908f-2083cd7e3100,Laptop,1200.0
2023-01-12,00:00:00,Store_001,Cust_837,1b65ac2f-0da7-40f7-908f-2083cd7e3100,Printer,150.0
2023-01-12,00:00:00,Store_001,Cust_574,fd333ae3-c4ae-42f8-a2bd-83ffca478b94,Laptop,1200.0
2023-01-12,00:00:00,Store_001,Cust_574,fd333ae3-c4ae-42f8-a2bd-83ffca478b94,Monitor,300.0
2023-01-12,00:00:00,Store_001,Cust_434,8470dcb3-9909-4366-a0e7-cba294d160cb,Mouse,25.0
2023-01-12,00:00:00,Store_001,Cust_434,8470dcb3-9909-4366-a0e7-cba294d160cb,Monitor,300.0
2023-01-12,00:00:00,Store_001,Cust_009,2f43c7d5-7e96-486e-a573-553c95df1f70,Laptop,1200.0
2023-01-12,00:00:00,Store_001,Cust_911,627f40c8-8a87-4bd3-a493-b20162679eff,Monitor,300.0
2023-01-12,00:00:00,Store_001,Cust_911,627f40c8-8a87-4bd3-a493-b20162679eff,Keyboard,45.0
2023-01-12,00:00:00,Store_001,Cust_900,0e3a7d37-7665-4ebf-8154-98b1058e8413,Mouse,25.0
2023-01-12,00:00:00,Store_001,Cust_900,0e3a7d37-7665-4ebf-8154-98b1058e8413,Printer,150.0
2023-01-12,00:00:00,Store_001,Cust_450,7c8ae951-3fa0-41e1-9b4e-6494881da515,Mouse,25.0
2023-01-12,00:00:00,Store_001,Cust_450,7c8ae951-3fa0-41e1-9b4e-6494881da515,Laptop,1200.0
2023-01-13,00:00:00,Store_001,Cust_525,7072798c-02e8-46ca-b989-8f9310aa149f,Mouse,25.0
2023-01-13,00:00:00,Store_001,Cust_525,7072798c-02e8-46ca-b989-8f9310aa149f,Laptop,1200.0
2023-01-13,00:00:00,Store_001,Cust_525,7072798c-02e8-46ca-b989-8f9310aa149f,Printer,150.0
2023-01-13,00:00:00,Store_001,Cust_882,78db0973-9e63-489a-b5e2-3d3a829b80d3,Laptop,1200.0
2023-01-13,00:00:00,Store_001,Cust_882,78db0973-9e63-489a-b5e2-3d3a829b80d3,Printer,150.0
2023-01-13,00:00:00,Store_001,Cust_103,5a587064-e621-400b-bd8e-bd0250105bf0,Mouse,25.0
2023-01-13,00:00:00,Store_001,Cust_103,5a587064-e621-400b-bd8e-bd0250105bf0,Monitor,300.0
2023-01-13,00:00:00,Store_001,Cust_185,98ffade5-4de2-48a8-a727-f2359cbbea61,Laptop,1200.0
2023-01-13,00:00:00,Store_001,Cust_297,c63af337-6c2f-4a2b-bc52-78ecf7e57e86,Keyboard,45.0
2023-01-13,00:00:00,Store_001,Cust_297,c63af337-6c2f-4a2b-bc52-78ecf7e57e86,Laptop,1200.0
2023-01-13,00:00:00,Store_001,Cust_297,c63af337-6c2f-4a2b-bc52-78ecf7e57e86,Monitor,300.0
2023-01-13,00:00:00,Store_001,Cust_345,27707502-ec0a-45d2-8123-3e64f02db115,Mouse,25.0
2023-01-13,00:00:00,Store_001,Cust_099,6e5068a2-5530-4ca7-b6ae-4c031aff4a67,Laptop,1200.0
2023-01-13,00:00:00,Store_001,Cust_099,6e5068a2-5530-4ca7-b6ae-4c031aff4a67,Keyboard,45.0
2023-01-13,00:00:00,Store_001,Cust_099,6e5068a2-5530-4ca7-b6ae-4c031aff4a67,Printer,150.0
2023-01-13,00:00:00,Store_001,Cust_906,e3c6e320-f78b-443a-a2bc-64264896e136,Monitor,300.0
2023-01-13,00:00:00,Store_001,Cust_906,e3c6e320-f78b-443a-a2bc-64264896e136,Laptop,1200.0
2023-01-13,00:00:00,Store_001,Cust_247,f1216afb-4612-49c8-b8ab-6eb0e2ffa9af,Laptop,1200.0
2023-01-13,00:00:00,Store_001,Cust_226,ac66439e-b0a3-4bbc-94f1-68777d8b99c2,Printer,150.0
2023-01-13,00:00:00,Store_001,Cust_226,ac66439e-b0a3-4bbc-94f1-68777d8b99c2,Monitor,300.0
2023-01-13,00:00:00,Store_001,Cust_226,ac66439e-b0a3-4bbc-94f1-68777d8b99c2,Mouse,25.0
2023-01-13,00:00:00,Store_001,Cust_138,770827ae-828c-4758-8815-775bbb87c08a,Monitor,300.0
2023-01-13,00:00:00,Store_001,Cust_138,770827ae-828c-4758-8815-775bbb87c08a,Mouse,25.0
2023-01-13,00:00:00,Store_001,Cust_138,770827ae-828c-4758-8815-775bbb87c08a,Keyboard,45.0
2023-01-13,00:00:00,Store_001,Cust_769,e4a35ab3-3ac3-4368-8fc3-3fa0a332380f,Monitor,300.0
2023-01-13,00:00:00,Store_001,Cust_992,45c62163-6427-4311-a261-61689f0eb504,Keyboard,45.0
2023-01-13,00:00:00,Store_001,Cust_992,45c62163-6427-4311-a261-61689f0eb504,Laptop,1200.0
2023-01-13,00:00:00,Store_001,Cust_103,aea6bda5-1782-475b-b069-c8cfbeb4bb65,Keyboard,45.0
2023-01-13,00:00:00,Store_001,Cust_103,aea6bda5-1782-475b-b069-c8cfbeb4bb65,Monitor,300.0
2023-01-13,00:00:00,Store_001,Cust_561,7583e868-56b2-4a1d-8aa0-808f15cf5a55,Keyboard,45.0
2023-01-13,00:00:00,Store_001,Cust_561,7583e868-56b2-4a1d-8aa0-808f15cf5a55,Printer,150.0
2023-01-13,00:00:00,Store_001,Cust_561,7583e868-56b2-4a1d-8aa0-808f15cf5a55,Mouse,25.0
2023-01-13,00:00:00,Store_001,Cust_779,37aa6952-e5ba-4b10-bed2-018f08807fb7,Keyboard,45.0
2023-01-13,00:00:00,Store_001,Cust_779,37aa6952-e5ba-4b10-bed2-018f08807fb7,Mouse,25.0
2023-01-14,00:00:00,Store_001,Cust_822,c11e78de-6c8c-47cd-9811-9f7129cedbb7,Printer,150.0
2023-01-14,00:00:00,Store_001,Cust_822,c11e78de-6c8c-47cd-9811-9f7129cedbb7,Laptop,1200.0
2023-01-14,00:00:00,Store_001,Cust_920,2bc6e9af-aa86-4b7f-bba9-8c1bfd540731,Laptop,1200.0
2023-01-14,00:00:00,Store_001,Cust_920,2bc6e9af-aa86-4b7f-bba9-8c1bfd540731,Keyboard,45.0
2023-01-14,00:00:00,Store_001,Cust_963,d1fa87ef-0fe4-445f-b3c2-5d072bd73aaf,Keyboard,45.0
2023-01-14,00:00:00,Store_001,Cust_963,d1fa87ef-0fe4-445f-b3c2-5d072bd73aaf,Laptop,1200.0
2023-01-14,00:00:00,Store_001,Cust_878,634164d6-c856-4996-991b-cd8d47b9aaa6,Monitor,300.0
2023-01-14,00:00:00,Store_001,Cust_878,634164d6-c856-4996-991b-cd8d47b9aaa6,Printer,150.0
2023-01-14,00:00:00,Store_001,Cust_708,2ed4e0fc-8fed-424d-ad33-84b4192b11dc,Keyboard,45.0
2023-01-14,00:00:00,Store_001,Cust_460,ce4d0e2b-04d2-44e9-bb4a-91b1d4de0f4b,Monitor,300.0
2023-01-14,00:00:00,Store_001,Cust_460,ce4d0e2b-04d2-44e9-bb4a-91b1d4de0f4b,Mouse,25.0
2023-01-14,00:00:00,Store_001,Cust_056,7e9ab99b-9285-468e-b06d-c7ab67fbc870,Printer,150.0
2023-01-14,00:00:00,Store_001,Cust_056,7e9ab99b-9285-468e-b06d-c7ab67fbc870,Laptop,1200.0
2023-01-14,00:00:00,Store_001,Cust_814,0be3d32e-87bf-4efc-916c-1d48ebdfa457,Laptop,1200.0
2023-01-14,00:00:00,Store_001,Cust_814,0be3d32e-87bf-4efc-916c-1d48ebdfa457,Printer,150.0
2023-01-14,00:00:00,Store_001,Cust_814,0be3d32e-87bf-4efc-916c-1d48ebdfa457,Mouse,25.0
2023-01-14,00:00:00,Store_001,Cust_954,b535442e-c67c-47a6-8199-28d1d7ad9bbb,Printer,150.0
2023-01-14,00:00:00,Store_001,Cust_695,0dcea9b8-8f6c-4118-9f0b-85fc0569f776,Monitor,300.0
2023-01-14,00:00:00,Store_001,Cust_695,0dcea9b8-8f6c-4118-9f0b-85fc0569f776,Mouse,25.0
2023-01-14,00:00:00,Store_001,Cust_545,cc40b270-2442-40ff-88df-ad6e391a81bf,Mouse,25.0
2023-01-14,00:00:00,Store_001,Cust_356,dd600e02-d075-49ef-9427-254b7cbabb6f,Printer,150.0
2023-01-14,00:00:00,Store_001,Cust_716,f0122342-adc0-44e8-af8f-a494f9496988,Monitor,300.0
2023-01-14,00:00:00,Store_001,Cust_716,f0122342-adc0-44e8-af8f-a494f9496988,Keyboard,45.0
2023-01-14,00:00:00,Store_001,Cust_716,f0122342-adc0-44e8-af8f-a494f9496988,Mouse,25.0
2023-01-14,00:00:00,Store_001,Cust_335,a5278ab0-f342-47f1-aafa-af0908c30860,Monitor,300.0
2023-01-14,00:00:00,Store_001,Cust_335,a5278ab0-f342-47f1-aafa-af0908c30860,Laptop,1200.0
2023-01-14,00:00:00,Store_001,Cust_729,6a50c83f-edab-4ec9-a0f6-84d64dfb9243,Mouse,25.0
2023-01-14,00:00:00,Store_001,Cust_729,6a50c83f-edab-4ec9-a0f6-84d64dfb9243,Printer,150.0
2023-01-14,00:00:00,Store_001,Cust_729,6a50c83f-edab-4ec9-a0f6-84d64dfb9243,Monitor,300.0
2023-01-15,00:00:00,Store_001,Cust_235,22ff807a-1c0f-413d-8bb5-1a414591fa99,Mouse,25.0
2023-01-15,00:00:00,Store_001,Cust_235,22ff807a-1c0f-413d-8bb5-1a414591fa99,Monitor,300.0
2023-01-15,00:00:00,Store_001,Cust_623,a8d92d9f-436c-4e6b-a820-2be9dfb6f42e,Monitor,300.0
2023-01-15,00:00:00,Store_001,Cust_384,d39d659b-39ea-428b-adf7-e9103ea70ca8,Laptop,1200.0
2023-01-15,00:00:00,Store_001,Cust_732,fbc65262-d93e-448e-8ecf-d5f42b5e5ba8,Laptop,1200.0
2023-01-15,00:00:00,Store_001,Cust_976,b56a2950-4862-4651-bdad-dc9077f425d8,Printer,150.0
2023-01-15,00:00:00,Store_001,Cust_392,6c290d2f-9de1-49d3-9925-5f8f3abdbeb5,Printer,150.0
2023-01-15,00:00:00,Store_001,Cust_689,e887688e-f587-4a00-b702-658356c8b1f3,Monitor,300.0
2023-01-15,00:00:00,Store_001,Cust_689,e887688e-f587-4a00-b702-658356c8b1f3,Mouse,25.0
2023-01-15,00:00:00,Store_001,Cust_264,a2eff8f1-8eeb-4440-aabe-5d3b94ea7d75,Printer,150.0
2023-01-16,00:00:00,Store_001,Cust_821,304668ce-9b66-48ce-a700-46b360e9812e,Monitor,300.0
2023-01-16,00:00:00,Store_001,Cust_522,a6b37831-7579-4968-9988-cf5b973c4f2a,Printer,150.0
2023-01-16,00:00:00,Store_001,Cust_522,a6b37831-7579-4968-9988-cf5b973c4f2a,Mouse,25.0
2023-01-16,00:00:00,Store_001,Cust_646,09873039-0580-4fca-8e22-33be2979b8a5,Mouse,25.0
2023-01-16,00:00:00,Store_001,Cust_646,09873039-0580-4fca-8e22-33be2979b8a5,Monitor,300.0
2023-01-16,00:00:00,Store_001,Cust_646,09873039-0580-4fca-8e22-33be2979b8a5,Laptop,1200.0
2023-01-17,00:00:00,Store_001,Cust_636,50a65015-01af-41d5-b0b4-7387a76a70b1,Mouse,25.0
2023-01-17,00:00:00,Store_001,Cust_100,5399ab9e-bbed-4137-b444-f691e19486b4,Mouse,25.0
2023-01-17,00:00:00,Store_001,Cust_100,5399ab9e-bbed-4137-b444-f691e19486b4,Keyboard,45.0
2023-01-17,00:00:00,Store_001,Cust_662,06b3a33a-8f1c-4b6b-8243-e639ef3f2cc3,Monitor,300.0
2023-01-17,00:00:00,Store_001,Cust_261,637343ad-a217-4789-9e1c-4254d47d74e8,Printer,150.0
2023-01-17,00:00:00,Store_001,Cust_261,637343ad-a217-4789-9e1c-4254d47d74e8,Mouse,25.0
2023-01-17,00:00:00,Store_001,Cust_885,12b57ff0-9ac2-4b2f-a45c-cce900b5d468,Keyboard,45.0
2023-01-17,00:00:00,Store_001,Cust_885,12b57ff0-9ac2-4b2f-a45c-cce900b5d468,Mouse,25.0
2023-01-17,00:00:00,Store_001,Cust_885,12b57ff0-9ac2-4b2f-a45c-cce900b5d468,Laptop,1200.0
2023-01-17,00:00:00,Store_001,Cust_131,7f3c736d-20dc-4575-b66a-beb39cd92763,Printer,150.0
2023-01-17,00:00:00,Store_001,Cust_131,7f3c736d-20dc-4575-b66a-beb39cd92763,Laptop,1200.0
2023-01-17,00:00:00,Store_001,Cust_966,e47db926-4f8b-43dc-af34-8ed71890384b,Mouse,25.0
2023-01-17,00:00:00,Store_001,Cust_966,e47db926-4f8b-43dc-af34-8ed71890384b,Printer,150.0
2023-01-17,00:00:00,Store_001,Cust_966,e47db926-4f8b-43dc-af34-8ed71890384b,Laptop,1200.0
2023-01-17,00:00:00,Store_001,Cust_591,c4478377-1c2f-477f-b665-5a592fd2f3d2,Mouse,25.0
2023-01-17,00:00:00,Store_001,Cust_591,c4478377-1c2f-477f-b665-5a592fd2f3d2,Laptop,1200.0
2023-01-17,00:00:00,Store_001,Cust_591,c4478377-1c2f-477f-b665-5a592fd2f3d2,Keyboard,45.0
2023-01-17,00:00:00,Store_001,Cust_373,1a04c3cb-7ade-4b99-a0c2-5d4a904a685f,Keyboard,45.0
2023-01-17,00:00:00,Store_001,Cust_373,1a04c3cb-7ade-4b99-a0c2-5d4a904a685f,Printer,150.0
2023-01-17,00:00:00,Store_001,Cust_764,c80a8fb6-dad9-4a5b-a2e1-ed99c216eb75,Mouse,25.0
2023-01-17,00:00:00,Store_001,Cust_764,c80a8fb6-dad9-4a5b-a2e1-ed99c216eb75,Monitor,300.0
2023-01-17,00:00:00,Store_001,Cust_219,f125eda3-e188-4bc0-aa0e-111300a6c831,Monitor,300.0
2023-01-17,00:00:00,Store_001,Cust_219,f125eda3-e188-4bc0-aa0e-111300a6c831,Mouse,25.0
2023-01-17,00:00:00,Store_001,Cust_303,d44f8bd9-8f2d-4cea-bfb3-cfc228a80e6a,Monitor,300.0
2023-01-17,00:00:00,Store_001,Cust_303,d44f8bd9-8f2d-4cea-bfb3-cfc228a80e6a,Keyboard,45.0
2023-01-17,00:00:00,Store_001,Cust_004,27e1fe82-687a-4191-82dd-7542808be333,Mouse,25.0
2023-01-18,00:00:00,Store_001,Cust_776,8985ae57-b13a-432c-aed5-8d993f69afa6,Keyboard,45.0
2023-01-18,00:00:00,Store_001,Cust_898,30061c75-7be6-4fed-acdc-99cdc4adf903,Printer,150.0
2023-01-18,00:00:00,Store_001,Cust_805,0897f206-918b-495d-9288-311d8c320eb8,Printer,150.0
2023-01-18,00:00:00,Store_001,Cust_902,a9f0313e-c68f-4106-beb6-08c8519050ee,Printer,150.0
2023-01-18,00:00:00,Store_001,Cust_902,a9f0313e-c68f-4106-beb6-08c8519050ee,Mouse,25.0
2023-01-18,00:00:00,Store_001,Cust_902,a9f0313e-c68f-4106-beb6-08c8519050ee,Monitor,300.0
2023-01-18,00:00:00,Store_001,Cust_207,52793b93-edc6-4138-ab3e-28b6dff494f7,Laptop,1200.0
2023-01-18,00:00:00,Store_001,Cust_207,52793b93-edc6-4138-ab3e-28b6dff494f7,Monitor,300.0
2023-01-18,00:00:00,Store_001,Cust_207,52793b93-edc6-4138-ab3e-28b6dff494f7,Printer,150.0
2023-01-18,00:00:00,Store_001,Cust_532,98bb210a-b001-4ccb-93d2-909088e79684,Mouse,25.0
2023-01-18,00:00:00,Store_001,Cust_532,98bb210a-b001-4ccb-93d2-909088e79684,Keyboard,45.0
2023-01-18,00:00:00,Store_001,Cust_532,98bb210a-b001-4ccb-93d2-909088e79684,Printer,150.0
2023-01-18,00:00:00,Store_001,Cust_643,153e9396-4399-4a69-807e-97ec5d031553,Keyboard,45.0
2023-01-19,00:00:00,Store_001,Cust_843,3f0c374c-2b81-4ece-82e5-24b06edf70a9,Laptop,1200.0
2023-01-19,00:00:00,Store_001,Cust_843,3f0c374c-2b81-4ece-82e5-24b06edf70a9,Printer,150.0
2023-01-19,00:00:00,Store_001,Cust_274,72c451bd-9db4-4bc4-9f16-8ae97d78aec4,Laptop,1200.0
2023-01-19,00:00:00,Store_001,Cust_274,72c451bd-9db4-4bc4-9f16-8ae97d78aec4,Printer,150.0
2023-01-20,00:00:00,Store_001,Cust_865,be2262ba-bad4-426b-a80b-842b02b04cff,Laptop,1200.0
2023-01-20,00:00:00,Store_001,Cust_865,be2262ba-bad4-426b-a80b-842b02b04cff,Printer,150.0
2023-01-20,00:00:00,Store_001,Cust_792,ab2bcbd7-1f2b-42c3-b668-28ff6fc1e811,Monitor,300.0
2023-01-20,00:00:00,Store_001,Cust_486,34286d2f-3fc9-4733-b96b-7b34f296a600,Printer,150.0
2023-01-20,00:00:00,Store_001,Cust_533,5269298a-8d36-445a-8420-307484850679,Mouse,25.0
2023-01-20,00:00:00,Store_001,Cust_533,5269298a-8d36-445a-8420-307484850679,Monitor,300.0
2023-01-20,00:00:00,Store_001,Cust_533,5269298a-8d36-445a-8420-307484850679,Laptop,1200.0
2023-01-20,00:00:00,Store_001,Cust_777,0591b4b6-1fd5-4352-bfd7-d771150db9db,Monitor,300.0
2023-01-20,00:00:00,Store_001,Cust_125,1b9cf69d-b9dc-432a-9b36-df661ca8f538,Laptop,1200.0
2023-01-20,00:00:00,Store_001,Cust_219,bb692832-44b9-4094-ada2-2d48e69c2c5f,Mouse,25.0
2023-01-20,00:00:00,Store_001,Cust_219,bb692832-44b9-4094-ada2-2d48e69c2c5f,Laptop,1200.0
2023-01-21,00:00:00,Store_001,Cust_473,79ec5a73-ff36-47ad-8a36-1c15add7b8e4,Mouse,25.0
2023-01-21,00:00:00,Store_001,Cust_473,79ec5a73-ff36-47ad-8a36-1c15add7b8e4,Printer,150.0
2023-01-21,00:00:00,Store_001,Cust_809,e9731b55-0765-4b70-b48a-6becd3925821,Laptop,1200.0
2023-01-21,00:00:00,Store_001,Cust_809,e9731b55-0765-4b70-b48a-6becd3925821,Monitor,300.0
2023-01-22,00:00:00,Store_001,Cust_426,44919615-c7fd-4961-bc22-ea7f02f8b1e3,Laptop,1200.0
2023-01-22,00:00:00,Store_001,Cust_426,44919615-c7fd-4961-bc22-ea7f02f8b1e3,Monitor,300.0
2023-01-22,00:00:00,Store_001,Cust_328,8295b609-27e5-42ff-81e1-b576817564de,Mouse,25.0
2023-01-22,00:00:00,Store_001,Cust_328,8295b609-27e5-42ff-81e1-b576817564de,Printer,150.0
2023-01-22,00:00:00,Store_001,Cust_819,596fb13c-ff1e-4b21-ba80-f38d54ac0ea1,Keyboard,45.0
2023-01-22,00:00:00,Store_001,Cust_889,52076dd1-b6eb-4b50-873b-ecb628143897,Printer,150.0
2023-01-22,00:00:00,Store_001,Cust_889,52076dd1-b6eb-4b50-873b-ecb628143897,Keyboard,45.0
2023-01-22,00:00:00,Store_001,Cust_005,1f900bfe-8989-4e00-91e6-b361e653917e,Keyboard,45.0
2023-01-22,00:00:00,Store_001,Cust_005,1f900bfe-8989-4e00-91e6-b361e653917e,Laptop,1200.0
2023-01-22,00:00:00,Store_001,Cust_005,1f900bfe-8989-4e00-91e6-b361e653917e,Monitor,300.0
2023-01-22,00:00:00,Store_001,Cust_988,c24ddffd-c8d3-45b9-a0a8-9041c9cf1064,Mouse,25.0
2023-01-22,00:00:00,Store_001,Cust_988,c24ddffd-c8d3-45b9-a0a8-9041c9cf1064,Laptop,1200.0
2023-01-22,00:00:00,Store_001,Cust_373,f93aefed-7b39-4129-bece-077e9ae8f1b3,Keyboard,45.0
2023-01-22,00:00:00,Store_001,Cust_373,f93aefed-7b39-4129-bece-077e9ae8f1b3,Monitor,300.0
2023-01-22,00:00:00,Store_001,Cust_653,3b1ee341-4543-4ba0-9795-aec472ccf040,Monitor,300.0
2023-01-22,00:00:00,Store_001,Cust_653,3b1ee341-4543-4ba0-9795-aec472ccf040,Keyboard,45.0
2023-01-22,00:00:00,Store_001,Cust_056,a9767f9d-8d3e-484f-9f02-3c2b1c622da4,Laptop,1200.0
2023-01-22,00:00:00,Store_001,Cust_989,940f66e5-43bd-4c96-aa05-7324e6314871,Printer,150.0
2023-01-22,00:00:00,Store_001,Cust_989,940f66e5-43bd-4c96-aa05-7324e6314871,Monitor,300.0
2023-01-22,00:00:00,Store_001,Cust_989,940f66e5-43bd-4c96-aa05-7324e6314871,Laptop,1200.0
2023-01-22,00:00:00,Store_001,Cust_790,d0c738d5-be97-41e4-8353-4fe366474486,Laptop,1200.0
2023-01-22,00:00:00,Store_001,Cust_499,705f816a-73b4-4b49-ae5d-4aa2155bc45b,Laptop,1200.0
2023-01-22,00:00:00,Store_001,Cust_499,705f816a-73b4-4b49-ae5d-4aa2155bc45b,Monitor,300.0
2023-01-22,00:00:00,Store_001,Cust_023,c7be09a3-fd1a-4436-89c6-8662bf8eadab,Printer,150.0
2023-01-22,00:00:00,Store_001,Cust_205,7c55c961-3876-4b3e-96d2-246e83cc1077,Printer,150.0
2023-01-22,00:00:00,Store_001,Cust_179,6d3582e8-7f1d-4047-8651-785492bacea2,Printer,150.0
2023-01-23,00:00:00,Store_001,Cust_054,fb96dbe7-33a0-4009-ae39-0ae66643a5a8,Printer,150.0
2023-01-23,00:00:00,Store_001,Cust_054,fb96dbe7-33a0-4009-ae39-0ae66643a5a8,Mouse,25.0
2023-01-23,00:00:00,Store_001,Cust_227,8548d960-179a-422e-a9d2-1cbea7c1629f,Keyboard,45.0
2023-01-23,00:00:00,Store_001,Cust_355,9110b366-d53c-4353-a50e-0150567a45aa,Monitor,300.0
2023-01-23,00:00:00,Store_001,Cust_355,9110b366-d53c-4353-a50e-0150567a45aa,Mouse,25.0
2023-01-23,00:00:00,Store_001,Cust_355,90fbecb3-9a1b-4652-b244-d33ab2ee0d2f,Mouse,25.0
2023-01-23,00:00:00,Store_001,Cust_984,8545d0f2-ab84-46a0-9d82-2ea10e638e77,Mouse,25.0
2023-01-23,00:00:00,Store_001,Cust_984,8545d0f2-ab84-46a0-9d82-2ea10e638e77,Printer,150.0
2023-01-23,00:00:00,Store_001,Cust_383,37a02834-7832-4d89-9cd4-a17ec8283c7c,Mouse,25.0
2023-01-23,00:00:00,Store_001,Cust_383,37a02834-7832-4d89-9cd4-a17ec8283c7c,Laptop,1200.0
2023-01-23,00:00:00,Store_001,Cust_713,88e3c6c9-a0a5-425b-bf87-6d1d87315bda,Monitor,300.0
2023-01-23,00:00:00,Store_001,Cust_713,88e3c6c9-a0a5-425b-bf87-6d1d87315bda,Mouse,25.0
2023-01-23,00:00:00,Store_001,Cust_713,88e3c6c9-a0a5-425b-bf87-6d1d87315bda,Laptop,1200.0
2023-01-23,00:00:00,Store_001,Cust_838,9fbd0b90-f8f0-4f1c-9a8d-e3573705d251,Keyboard,45.0
2023-01-23,00:00:00,Store_001,Cust_838,9fbd0b90-f8f0-4f1c-9a8d-e3573705d251,Printer,150.0
2023-01-23,00:00:00,Store_001,Cust_838,9fbd0b90-f8f0-4f1c-9a8d-e3573705d251,Mouse,25.0
2023-01-23,00:00:00,Store_001,Cust_188,bf65471b-3fb7-49e8-8265-5359b9485c3a,Monitor,300.0
2023-01-23,00:00:00,Store_001,Cust_877,e161708e-85eb-4098-af00-8872ecab4b35,Keyboard,45.0
2023-01-23,00:00:00,Store_001,Cust_877,e161708e-85eb-4098-af00-8872ecab4b35,Printer,150.0
2023-01-23,00:00:00,Store_001,Cust_877,e161708e-85eb-4098-af00-8872ecab4b35,Mouse,25.0
2023-01-23,00:00:00,Store_001,Cust_490,ef2bb6c7-87d7-4943-a960-2ba7442606dc,Mouse,25.0
2023-01-23,00:00:00,Store_001,Cust_490,ef2bb6c7-87d7-4943-a960-2ba7442606dc,Laptop,1200.0
2023-01-23,00:00:00,Store_001,Cust_490,ef2bb6c7-87d7-4943-a960-2ba7442606dc,Printer,150.0
2023-01-23,00:00:00,Store_001,Cust_821,371be0a6-1e3a-4649-9ba5-aae84a83f77d,Mouse,25.0
2023-01-23,00:00:00,Store_001,Cust_115,eb2bb063-3899-4a02-b21f-67178fc2aa24,Mouse,25.0
2023-01-23,00:00:00,Store_001,Cust_115,eb2bb063-3899-4a02-b21f-67178fc2aa24,Keyboard,45.0
2023-01-23,00:00:00,Store_001,Cust_008,f8f586b4-d5e3-425b-a02a-33a8b618d6fd,Monitor,300.0
2023-01-23,00:00:00,Store_001,Cust_008,f8f586b4-d5e3-425b-a02a-33a8b618d6fd,Laptop,1200.0
2023-01-23,00:00:00,Store_001,Cust_008,f8f586b4-d5e3-425b-a02a-33a8b618d6fd,Keyboard,45.0
2023-01-24,00:00:00,Store_001,Cust_949,0b1487b2-ab22-464b-8b8f-19aee92ec810,Laptop,1200.0
2023-01-24,00:00:00,Store_001,Cust_949,0b1487b2-ab22-464b-8b8f-19aee92ec810,Printer,150.0
2023-01-24,00:00:00,Store_001,Cust_543,58d61769-7e09-4e06-89f4-fd4520f90f78,Monitor,300.0
2023-01-24,00:00:00,Store_001,Cust_178,3f44f66a-79a4-4fb3-81fa-6bb7a7890838,Monitor,300.0
2023-01-24,00:00:00,Store_001,Cust_178,3f44f66a-79a4-4fb3-81fa-6bb7a7890838,Keyboard,45.0
2023-01-24,00:00:00,Store_001,Cust_178,3f44f66a-79a4-4fb3-81fa-6bb7a7890838,Mouse,25.0
2023-01-24,00:00:00,Store_001,Cust_392,8c32e7ce-28bc-499f-a173-00e68278a23d,Laptop,1200.0
2023-01-24,00:00:00,Store_001,Cust_392,8c32e7ce-28bc-499f-a173-00e68278a23d,Mouse,25.0
2023-01-24,00:00:00,Store_001,Cust_706,83de5378-5174-44fd-8f04-a024a7ea4066,Keyboard,45.0
2023-01-24,00:00:00,Store_001,Cust_706,83de5378-5174-44fd-8f04-a024a7ea4066,Printer,150.0
2023-01-24,00:00:00,Store_001,Cust_559,6478fc95-c3aa-447e-bc6f-ba54cb218a1a,Keyboard,45.0
2023-01-24,00:00:00,Store_001,Cust_559,6478fc95-c3aa-447e-bc6f-ba54cb218a1a,Mouse,25.0
2023-01-24,00:00:00,Store_001,Cust_559,6478fc95-c3aa-447e-bc6f-ba54cb218a1a,Monitor,300.0
2023-01-24,00:00:00,Store_001,Cust_459,83b29b23-02a1-4a0e-b393-f150b40deed8,Printer,150.0
2023-01-24,00:00:00,Store_001,Cust_459,83b29b23-02a1-4a0e-b393-f150b40deed8,Keyboard,45.0
2023-01-24,00:00:00,Store_001,Cust_434,8f78c2cc-2849-4254-82b6-692dea541934,Laptop,1200.0
2023-01-24,00:00:00,Store_001,Cust_434,8f78c2cc-2849-4254-82b6-692dea541934,Mouse,25.0
2023-01-24,00:00:00,Store_001,Cust_587,74d71353-6f07-401b-b6fa-09a2de25fbe1,Keyboard,45.0
2023-01-24,00:00:00,Store_001,Cust_587,74d71353-6f07-401b-b6fa-09a2de25fbe1,Printer,150.0
2023-01-24,00:00:00,Store_001,Cust_587,74d71353-6f07-401b-b6fa-09a2de25fbe1,Mouse,25.0
2023-01-24,00:00:00,Store_001,Cust_233,555a0366-2d31-4c78-8e89-46d08959eab4,Keyboard,45.0
2023-01-24,00:00:00,Store_001,Cust_233,555a0366-2d31-4c78-8e89-46d08959eab4,Mouse,25.0
2023-01-24,00:00:00,Store_001,Cust_233,555a0366-2d31-4c78-8e89-46d08959eab4,Monitor,300.0
2023-01-24,00:00:00,Store_001,Cust_125,c3a86be7-555e-449c-8ac7-b8b82608bc7f,Mouse,25.0
2023-01-24,00:00:00,Store_001,Cust_125,c3a86be7-555e-449c-8ac7-b8b82608bc7f,Keyboard,45.0
2023-01-24,00:00:00,Store_001,Cust_342,49a1a892-ce02-4dba-90d4-f0d337544f9b,Mouse,25.0
2023-01-24,00:00:00,Store_001,Cust_342,49a1a892-ce02-4dba-90d4-f0d337544f9b,Monitor,300.0
2023-01-24,00:00:00,Store_001,Cust_077,191f2971-b401-4e32-b54d-2c2170773c43,Monitor,300.0
2023-01-24,00:00:00,Store_001,Cust_077,191f2971-b401-4e32-b54d-2c2170773c43,Mouse,25.0
2023-01-24,00:00:00,Store_001,Cust_077,191f2971-b401-4e32-b54d-2c2170773c43,Keyboard,45.0
2023-01-25,00:00:00,Store_001,Cust_356,e78e9864-32a4-4791-82a7-423141d6dd93,Laptop,1200.0
2023-01-25,00:00:00,Store_001,Cust_401,3a1c131c-f119-4457-aac7-35267474526a,Laptop,1200.0
2023-01-25,00:00:00,Store_001,Cust_401,3a1c131c-f119-4457-aac7-35267474526a,Mouse,25.0
2023-01-25,00:00:00,Store_001,Cust_037,1045c247-01ad-4d3a-ab47-db575b180efb,Monitor,300.0
2023-01-25,00:00:00,Store_001,Cust_037,1045c247-01ad-4d3a-ab47-db575b180efb,Laptop,1200.0
2023-01-25,00:00:00,Store_001,Cust_037,1045c247-01ad-4d3a-ab47-db575b180efb,Mouse,25.0
2023-01-25,00:00:00,Store_001,Cust_553,6fceb359-eed1-46be-b628-646f6bcc7d41,Printer,150.0
2023-01-25,00:00:00,Store_001,Cust_841,9c61f1af-4eb7-4ec9-9362-57f33738333e,Laptop,1200.0
2023-01-25,00:00:00,Store_001,Cust_841,9c61f1af-4eb7-4ec9-9362-57f33738333e,Monitor,300.0
2023-01-25,00:00:00,Store_001,Cust_841,9c61f1af-4eb7-4ec9-9362-57f33738333e,Mouse,25.0
2023-01-25,00:00:00,Store_001,Cust_849,0b2d544b-5452-46bc-a702-63a29d5a2e06,Laptop,1200.0
2023-01-25,00:00:00,Store_001,Cust_243,808c2b29-dbe9-4d6f-9918-29a193f98e31,Monitor,300.0
2023-01-25,00:00:00,Store_001,Cust_243,808c2b29-dbe9-4d6f-9918-29a193f98e31,Keyboard,45.0
2023-01-25,00:00:00,Store_001,Cust_243,808c2b29-dbe9-4d6f-9918-29a193f98e31,Laptop,1200.0
2023-01-25,00:00:00,Store_001,Cust_236,2a9ea2ad-2ff4-4cda-bf07-001286633844,Printer,150.0
2023-01-25,00:00:00,Store_001,Cust_598,54a6b6a1-04c6-4234-bbea-7f8436649de5,Mouse,25.0
2023-01-25,00:00:00,Store_001,Cust_598,54a6b6a1-04c6-4234-bbea-7f8436649de5,Laptop,1200.0
2023-01-25,00:00:00,Store_001,Cust_598,54a6b6a1-04c6-4234-bbea-7f8436649de5,Keyboard,45.0
2023-01-25,00:00:00,Store_001,Cust_660,29be5818-11df-417e-b9f9-0a4969b92aba,Mouse,25.0
2023-01-25,00:00:00,Store_001,Cust_660,29be5818-11df-417e-b9f9-0a4969b92aba,Monitor,300.0
2023-01-26,00:00:00,Store_001,Cust_204,2af36da2-7e6d-498a-a69c-258bc9cd47e7,Mouse,25.0
2023-01-26,00:00:00,Store_001,Cust_222,d6d0baee-e8a2-4dcd-a12c-629c6e82a227,Laptop,1200.0
2023-01-27,00:00:00,Store_001,Cust_095,1ff8f00d-6775-49f7-9e2b-83ed442d1d13,Mouse,25.0
2023-01-27,00:00:00,Store_001,Cust_886,f7228c49-49a1-4dbb-8ae5-630bfc812c14,Printer,150.0
2023-01-27,00:00:00,Store_001,Cust_452,3226763e-46c9-4f4b-879e-13e19690496c,Mouse,25.0
2023-01-27,00:00:00,Store_001,Cust_051,bcfae380-aa7e-4b7b-bf01-dc18726588cc,Printer,150.0
2023-01-27,00:00:00,Store_001,Cust_711,a6681a36-02d4-4bc7-a0a6-3767a99db2fb,Keyboard,45.0
2023-01-27,00:00:00,Store_001,Cust_322,efbad5d5-ef22-4ad8-a77e-90e9a4dc7a3c,Keyboard,45.0
2023-01-27,00:00:00,Store_001,Cust_253,ddd2fbd2-2abb-41ec-afb6-994a613fcdb7,Mouse,25.0
2023-01-27,00:00:00,Store_001,Cust_253,ddd2fbd2-2abb-41ec-afb6-994a613fcdb7,Keyboard,45.0
2023-01-27,00:00:00,Store_001,Cust_202,6f62755f-5d8c-40a5-9001-3d765017b9e1,Monitor,300.0
2023-01-27,00:00:00,Store_001,Cust_626,cb91bc87-8b6b-4c52-8b67-685eee37912e,Laptop,1200.0
2023-01-27,00:00:00,Store_001,Cust_697,ae760e5b-6c60-43c1-9c84-387aa3f60ad3,Mouse,25.0
2023-01-27,00:00:00,Store_001,Cust_697,ae760e5b-6c60-43c1-9c84-387aa3f60ad3,Laptop,1200.0
2023-01-27,00:00:00,Store_001,Cust_697,ae760e5b-6c60-43c1-9c84-387aa3f60ad3,Monitor,300.0
2023-01-27,00:00:00,Store_001,Cust_739,043066a2-bab3-4895-9819-f359b1129069,Laptop,1200.0
2023-01-27,00:00:00,Store_001,Cust_739,043066a2-bab3-4895-9819-f359b1129069,Keyboard,45.0
2023-01-27,00:00:00,Store_001,Cust_229,a15ba59a-de4a-4a4f-b5a5-89da0c11ab41,Printer,150.0
2023-01-27,00:00:00,Store_001,Cust_914,f1d313a6-1c22-4de1-a645-b343c848ef08,Mouse,25.0
2023-01-27,00:00:00,Store_001,Cust_296,a36ffa3c-759e-48aa-b27e-9a2ea62d546e,Keyboard,45.0
2023-01-27,00:00:00,Store_001,Cust_296,a36ffa3c-759e-48aa-b27e-9a2ea62d546e,Laptop,1200.0
2023-01-28,00:00:00,Store_001,Cust_717,a6c85027-9723-41d0-9d88-5a9b4a250a7a,Monitor,300.0
2023-01-28,00:00:00,Store_001,Cust_717,a6c85027-9723-41d0-9d88-5a9b4a250a7a,Printer,150.0
2023-01-28,00:00:00,Store_001,Cust_717,a6c85027-9723-41d0-9d88-5a9b4a250a7a,Keyboard,45.0
2023-01-28,00:00:00,Store_001,Cust_582,ba412de5-1eb6-4479-b714-386dc6f69fa1,Monitor,300.0
2023-01-28,00:00:00,Store_001,Cust_150,d2f280ba-067d-4e68-8bd4-f49ff5df8a6c,Laptop,1200.0
2023-01-28,00:00:00,Store_001,Cust_072,fc48e189-dbb9-4d68-906a-4a26985e276b,Printer,150.0
2023-01-28,00:00:00,Store_001,Cust_072,fc48e189-dbb9-4d68-906a-4a26985e276b,Keyboard,45.0
2023-01-28,00:00:00,Store_001,Cust_281,a4336b2f-f777-42f2-b851-bbdbe6930770,Monitor,300.0
2023-01-28,00:00:00,Store_001,Cust_281,a4336b2f-f777-42f2-b851-bbdbe6930770,Printer,150.0
2023-01-28,00:00:00,Store_001,Cust_281,a4336b2f-f777-42f2-b851-bbdbe6930770,Laptop,1200.0
2023-01-28,00:00:00,Store_001,Cust_535,21f4e8da-a983-4d19-a1f1-2329c04ee7ee,Laptop,1200.0
2023-01-28,00:00:00,Store_001,Cust_535,21f4e8da-a983-4d19-a1f1-2329c04ee7ee,Monitor,300.0
2023-01-28,00:00:00,Store_001,Cust_535,21f4e8da-a983-4d19-a1f1-2329c04ee7ee,Mouse,25.0
2023-01-28,00:00:00,Store_001,Cust_943,22ae8b2c-5ce2-455d-aef4-f1bf74e8a798,Monitor,300.0
2023-01-28,00:00:00,Store_001,Cust_943,22ae8b2c-5ce2-455d-aef4-f1bf74e8a798,Mouse,25.0
2023-01-28,00:00:00,Store_001,Cust_980,c55a6ac2-7a40-4fc5-a1d8-2fc0d7358706,Monitor,300.0
2023-01-28,00:00:00,Store_001,Cust_980,c55a6ac2-7a40-4fc5-a1d8-2fc0d7358706,Printer,150.0
2023-01-28,00:00:00,Store_001,Cust_980,c55a6ac2-7a40-4fc5-a1d8-2fc0d7358706,Keyboard,45.0
2023-01-28,00:00:00,Store_001,Cust_012,1cfb4e0d-11d1-44a3-9352-79f074bbb527,Mouse,25.0
2023-01-28,00:00:00,Store_001,Cust_012,1cfb4e0d-11d1-44a3-9352-79f074bbb527,Printer,150.0
2023-01-28,00:00:00,Store_001,Cust_736,27783c72-bc2e-4798-8846-6527d7a2d2f8,Printer,150.0
2023-01-28,00:00:00,Store_001,Cust_736,27783c72-bc2e-4798-8846-6527d7a2d2f8,Monitor,300.0
2023-01-28,00:00:00,Store_001,Cust_736,27783c72-bc2e-4798-8846-6527d7a2d2f8,Keyboard,45.0
2023-01-28,00:00:00,Store_001,Cust_474,75fb3d6f-19a7-4cf4-a8e7-085f3065818d,Mouse,25.0
2023-01-28,00:00:00,Store_001,Cust_474,75fb3d6f-19a7-4cf4-a8e7-085f3065818d,Monitor,300.0
2023-01-28,00:00:00,Store_001,Cust_244,8ce3983e-4945-4df6-8754-74e1e7e60ed3,Printer,150.0
2023-01-28,00:00:00,Store_001,Cust_065,5c8dcbfd-71df-4ae7-97c5-a434ae7d4e49,Keyboard,45.0
2023-01-28,00:00:00,Store_001,Cust_065,5c8dcbfd-71df-4ae7-97c5-a434ae7d4e49,Laptop,1200.0
2023-01-28,00:00:00,Store_001,Cust_065,5c8dcbfd-71df-4ae7-97c5-a434ae7d4e49,Monitor,300.0
2023-01-29,00:00:00,Store_001,Cust_420,32bf5d04-26ef-43cd-bb4d-adfcc0d4c882,Laptop,1200.0
2023-01-29,00:00:00,Store_001,Cust_420,32bf5d04-26ef-43cd-bb4d-adfcc0d4c882,Monitor,300.0
2023-01-29,00:00:00,Store_001,Cust_414,d899a17d-96c9-4efd-9ed9-22b5d6a8fb5d,Keyboard,45.0
2023-01-29,00:00:00,Store_001,Cust_278,d2891e2a-9adb-4f8b-9d47-906b5ffbcf58,Mouse,25.0
2023-01-29,00:00:00,Store_001,Cust_278,d2891e2a-9adb-4f8b-9d47-906b5ffbcf58,Printer,150.0
2023-01-29,00:00:00,Store_001,Cust_278,d2891e2a-9adb-4f8b-9d47-906b5ffbcf58,Monitor,300.0
2023-01-29,00:00:00,Store_001,Cust_132,c6699de9-1438-4a9a-84f0-95590c58e662,Keyboard,45.0
2023-01-29,00:00:00,Store_001,Cust_390,19cc6e75-1ad2-4763-86db-5e5fca71982a,Keyboard,45.0
2023-01-29,00:00:00,Store_001,Cust_117,22293c9b-2b7e-4e97-b3b9-b67e50c1d37c,Monitor,300.0
2023-01-29,00:00:00,Store_001,Cust_117,22293c9b-2b7e-4e97-b3b9-b67e50c1d37c,Keyboard,45.0
2023-01-29,00:00:00,Store_001,Cust_583,5c36cb75-ad6f-4586-aba1-c5f1701a852b,Monitor,300.0
2023-01-29,00:00:00,Store_001,Cust_832,b2030bd8-8645-4901-b786-69aea6042656,Printer,150.0
2023-01-30,00:00:00,Store_001,Cust_504,381b2174-7ff7-42ab-a1c2-9a3abd3c6d03,Monitor,300.0
2023-01-30,00:00:00,Store_001,Cust_504,381b2174-7ff7-42ab-a1c2-9a3abd3c6d03,Printer,150.0
2023-01-30,00:00:00,Store_001,Cust_249,e2645451-7938-405f-a61a-b785a48b5f6e,Laptop,1200.0
2023-01-30,00:00:00,Store_001,Cust_249,e2645451-7938-405f-a61a-b785a48b5f6e,Printer,150.0
2023-01-31,00:00:00,Store_001,Cust_300,13bbc820-e9df-4917-9438-5da2f0e659d2,Monitor,300.0
2023-01-31,00:00:00,Store_001,Cust_963,1b6c0738-9759-436b-8610-8fb11e38988e,Laptop,1200.0
2023-01-31,00:00:00,Store_001,Cust_963,1b6c0738-9759-436b-8610-8fb11e38988e,Monitor,300.0
2023-01-31,00:00:00,Store_001,Cust_963,1b6c0738-9759-436b-8610-8fb11e38988e,Printer,150.0
2023-01-31,00:00:00,Store_001,Cust_417,71fc55fd-be08-4c0b-a783-c3dc809bd30b,Mouse,25.0
2023-01-31,00:00:00,Store_001,Cust_105,5c8b372f-0e9d-4869-a3a6-04b0b9265c92,Monitor,300.0
2023-01-31,00:00:00,Store_001,Cust_105,5c8b372f-0e9d-4869-a3a6-04b0b9265c92,Laptop,1200.0
2023-01-31,00:00:00,Store_001,Cust_105,5c8b372f-0e9d-4869-a3a6-04b0b9265c92,Mouse,25.0
2023-01-31,00:00:00,Store_001,Cust_454,9394d602-5f60-4ff2-9877-65ab5b02193f,Laptop,1200.0
2023-01-31,00:00:00,Store_001,Cust_454,9394d602-5f60-4ff2-9877-65ab5b02193f,Monitor,300.0
2023-01-31,00:00:00,Store_001,Cust_454,9394d602-5f60-4ff2-9877-65ab5b02193f,Mouse,25.0
2023-01-31,00:00:00,Store_001,Cust_220,2feb9751-e367-4401-9289-0f06f7600d0d,Laptop,1200.0
2023-02-01,00:00:00,Store_001,Cust_701,df92246b-2ff2-437e-888b-e599063c83d4,Keyboard,45.0
2023-02-01,00:00:00,Store_001,Cust_701,df92246b-2ff2-437e-888b-e599063c83d4,Monitor,300.0
2023-02-01,00:00:00,Store_001,Cust_352,8f72f3ad-c6e9-4f80-8431-cffd817139f8,Keyboard,45.0
2023-02-01,00:00:00,Store_001,Cust_352,8f72f3ad-c6e9-4f80-8431-cffd817139f8,Laptop,1200.0
2023-02-01,00:00:00,Store_001,Cust_729,a0bb2f2b-0c32-4ea5-aa05-6fd8f9ccbb26,Printer,150.0
2023-02-01,00:00:00,Store_001,Cust_729,a0bb2f2b-0c32-4ea5-aa05-6fd8f9ccbb26,Monitor,300.0
2023-02-01,00:00:00,Store_001,Cust_729,a0bb2f2b-0c32-4ea5-aa05-6fd8f9ccbb26,Mouse,25.0
2023-02-01,00:00:00,Store_001,Cust_744,69ac2523-bca4-4309-b9c0-a104fb775ee3,Printer,150.0
2023-02-01,00:00:00,Store_001,Cust_675,c3072416-3710-4d23-a3f0-e14deffe3e6d,Monitor,300.0
2023-02-01,00:00:00,Store_001,Cust_675,c3072416-3710-4d23-a3f0-e14deffe3e6d,Printer,150.0
2023-02-01,00:00:00,Store_001,Cust_675,c3072416-3710-4d23-a3f0-e14deffe3e6d,Keyboard,45.0
2023-02-01,00:00:00,Store_001,Cust_882,96d45c37-28e4-40e7-937c-a92bab4484b8,Laptop,1200.0
2023-02-01,00:00:00,Store_001,Cust_457,4d4fa2c0-43a7-4f88-853e-9710d0300a77,Keyboard,45.0
2023-02-01,00:00:00,Store_001,Cust_457,4d4fa2c0-43a7-4f88-853e-9710d0300a77,Mouse,25.0
2023-02-01,00:00:00,Store_001,Cust_796,2554a8e4-7179-4eca-8ecb-1b18f53b532a,Keyboard,45.0
2023-02-01,00:00:00,Store_001,Cust_796,2554a8e4-7179-4eca-8ecb-1b18f53b532a,Laptop,1200.0
2023-02-01,00:00:00,Store_001,Cust_003,bd3e7bf2-dc2d-4d9c-aafd-63cd86fbe3c4,Printer,150.0
2023-02-01,00:00:00,Store_001,Cust_372,61f54062-fd71-4adc-a262-f0f25af060c3,Printer,150.0
2023-02-01,00:00:00,Store_001,Cust_372,61f54062-fd71-4adc-a262-f0f25af060c3,Laptop,1200.0
2023-02-01,00:00:00,Store_001,Cust_107,4f7fad9d-d2f0-4d13-8975-eff75aadb7dd,Monitor,300.0
2023-02-01,00:00:00,Store_001,Cust_107,4f7fad9d-d2f0-4d13-8975-eff75aadb7dd,Keyboard,45.0
2023-02-01,00:00:00,Store_001,Cust_107,4f7fad9d-d2f0-4d13-8975-eff75aadb7dd,Laptop,1200.0
2023-02-01,00:00:00,Store_001,Cust_504,39e4dd0f-f09e-4e8c-85c2-5df5d4911c78,Keyboard,45.0
2023-02-01,00:00:00,Store_001,Cust_504,39e4dd0f-f09e-4e8c-85c2-5df5d4911c78,Printer,150.0
2023-02-01,00:00:00,Store_001,Cust_504,39e4dd0f-f09e-4e8c-85c2-5df5d4911c78,Monitor,300.0
2023-02-01,00:00:00,Store_001,Cust_549,b7e5971c-3c21-4ce2-b0ef-2d891e4ac571,Mouse,25.0
2023-02-01,00:00:00,Store_001,Cust_549,b7e5971c-3c21-4ce2-b0ef-2d891e4ac571,Keyboard,45.0
2023-02-01,00:00:00,Store_001,Cust_096,ec15c9fc-bd99-4e0c-a8f7-9eac462f14af,Monitor,300.0
2023-02-01,00:00:00,Store_001,Cust_096,ec15c9fc-bd99-4e0c-a8f7-9eac462f14af,Mouse,25.0
2023-02-02,00:00:00,Store_001,Cust_378,cfc22029-255d-4e66-97df-73cf3d38df41,Laptop,1200.0
2023-02-02,00:00:00,Store_001,Cust_378,cfc22029-255d-4e66-97df-73cf3d38df41,Printer,150.0
2023-02-02,00:00:00,Store_001,Cust_369,74b4195a-0965-4f53-980c-b9fd1282b922,Monitor,300.0
2023-02-02,00:00:00,Store_001,Cust_369,74b4195a-0965-4f53-980c-b9fd1282b922,Mouse,25.0
2023-02-02,00:00:00,Store_001,Cust_968,c1b42d27-f9f0-4d60-916b-45a753ff065a,Printer,150.0
2023-02-02,00:00:00,Store_001,Cust_968,c1b42d27-f9f0-4d60-916b-45a753ff065a,Laptop,1200.0
2023-02-02,00:00:00,Store_001,Cust_968,c1b42d27-f9f0-4d60-916b-45a753ff065a,Mouse,25.0
2023-02-03,00:00:00,Store_001,Cust_247,f2435274-75c9-4692-98f1-63d6c5955894,Mouse,25.0
2023-02-03,00:00:00,Store_001,Cust_247,f2435274-75c9-4692-98f1-63d6c5955894,Monitor,300.0
2023-02-03,00:00:00,Store_001,Cust_247,f2435274-75c9-4692-98f1-63d6c5955894,Printer,150.0
2023-02-03,00:00:00,Store_001,Cust_306,afc4a532-bfb8-41c3-b759-fb6d8c11d92b,Laptop,1200.0
2023-02-03,00:00:00,Store_001,Cust_306,afc4a532-bfb8-41c3-b759-fb6d8c11d92b,Mouse,25.0
2023-02-03,00:00:00,Store_001,Cust_306,afc4a532-bfb8-41c3-b759-fb6d8c11d92b,Monitor,300.0
2023-02-03,00:00:00,Store_001,Cust_132,30e3e700-8363-48d4-a83b-c55f17b88027,Mouse,25.0
2023-02-03,00:00:00,Store_001,Cust_132,30e3e700-8363-48d4-a83b-c55f17b88027,Laptop,1200.0
2023-02-03,00:00:00,Store_001,Cust_132,30e3e700-8363-48d4-a83b-c55f17b88027,Keyboard,45.0
2023-02-03,00:00:00,Store_001,Cust_259,047f2e35-16cb-4a51-8267-59d1dfd32b2a,Keyboard,45.0
2023-02-03,00:00:00,Store_001,Cust_870,c1a083ee-39fc-4360-a925-1f9b14ab127c,Mouse,25.0
2023-02-03,00:00:00,Store_001,Cust_101,21b2703d-73b9-45fe-9ab6-e4d41f2f2614,Printer,150.0
2023-02-03,00:00:00,Store_001,Cust_865,df96da93-a10a-44d4-8f8e-e71703e4bef7,Monitor,300.0
2023-02-03,00:00:00,Store_001,Cust_865,df96da93-a10a-44d4-8f8e-e71703e4bef7,Laptop,1200.0
2023-02-03,00:00:00,Store_001,Cust_865,df96da93-a10a-44d4-8f8e-e71703e4bef7,Mouse,25.0
2023-02-03,00:00:00,Store_001,Cust_247,b68fea77-48e9-4ebc-af4b-36366c664d4f,Printer,150.0
2023-02-03,00:00:00,Store_001,Cust_247,b68fea77-48e9-4ebc-af4b-36366c664d4f,Laptop,1200.0
2023-02-03,00:00:00,Store_001,Cust_399,39012fbf-6327-4638-8974-b1e725f73e6e,Mouse,25.0
2023-02-03,00:00:00,Store_001,Cust_070,be3d670f-ee6f-4e2a-a598-69f6f64d642e,Laptop,1200.0
2023-02-03,00:00:00,Store_001,Cust_382,de8925e9-484f-44c1-b0b7-a9f6e416436a,Keyboard,45.0
2023-02-03,00:00:00,Store_001,Cust_382,de8925e9-484f-44c1-b0b7-a9f6e416436a,Mouse,25.0
2023-02-03,00:00:00,Store_001,Cust_382,de8925e9-484f-44c1-b0b7-a9f6e416436a,Laptop,1200.0
2023-02-03,00:00:00,Store_001,Cust_174,2589838c-d433-45ff-ba8b-6efe247bb3aa,Keyboard,45.0
2023-02-03,00:00:00,Store_001,Cust_927,6d0dc37d-f8b9-48a9-b911-61325fa19002,Mouse,25.0
2023-02-04,00:00:00,Store_001,Cust_229,f91fc614-a0dd-4ca4-9c8f-ce05b7835aae,Laptop,1200.0
2023-02-04,00:00:00,Store_001,Cust_205,a2ab60e4-7528-4a37-878f-e163e1f0874c,Monitor,300.0
2023-02-04,00:00:00,Store_001,Cust_205,a2ab60e4-7528-4a37-878f-e163e1f0874c,Mouse,25.0
2023-02-04,00:00:00,Store_001,Cust_205,a2ab60e4-7528-4a37-878f-e163e1f0874c,Printer,150.0
2023-02-04,00:00:00,Store_001,Cust_799,6cc486c8-3d61-40e9-81db-95084c41a1bd,Keyboard,45.0
2023-02-04,00:00:00,Store_001,Cust_799,6cc486c8-3d61-40e9-81db-95084c41a1bd,Monitor,300.0
2023-02-04,00:00:00,Store_001,Cust_799,6cc486c8-3d61-40e9-81db-95084c41a1bd,Laptop,1200.0
2023-02-04,00:00:00,Store_001,Cust_394,9d758ebc-be03-4827-8c15-f51528eed77c,Mouse,25.0
2023-02-04,00:00:00,Store_001,Cust_601,940e1936-8d0c-4680-96f8-bb53be60575f,Monitor,300.0
2023-02-04,00:00:00,Store_001,Cust_601,940e1936-8d0c-4680-96f8-bb53be60575f,Keyboard,45.0
2023-02-04,00:00:00,Store_001,Cust_028,523eea80-f147-4175-8247-f16193aaf38b,Printer,150.0
2023-02-04,00:00:00,Store_001,Cust_028,523eea80-f147-4175-8247-f16193aaf38b,Mouse,25.0
2023-02-04,00:00:00,Store_001,Cust_028,523eea80-f147-4175-8247-f16193aaf38b,Keyboard,45.0
2023-02-04,00:00:00,Store_001,Cust_083,514e09d2-d20c-49ec-8aa9-f51e120cd3b2,Monitor,300.0
2023-02-04,00:00:00,Store_001,Cust_083,514e09d2-d20c-49ec-8aa9-f51e120cd3b2,Keyboard,45.0
2023-02-04,00:00:00,Store_001,Cust_709,1bf201e8-f31a-48a0-8103-4d111c4100e7,Keyboard,45.0
2023-02-04,00:00:00,Store_001,Cust_709,1bf201e8-f31a-48a0-8103-4d111c4100e7,Laptop,1200.0
2023-02-04,00:00:00,Store_001,Cust_054,edca9ea3-b27e-43bb-9f4d-b4d58638adf9,Keyboard,45.0
2023-02-04,00:00:00,Store_001,Cust_054,edca9ea3-b27e-43bb-9f4d-b4d58638adf9,Printer,150.0
2023-02-04,00:00:00,Store_001,Cust_054,edca9ea3-b27e-43bb-9f4d-b4d58638adf9,Mouse,25.0
2023-02-04,00:00:00,Store_001,Cust_034,02634acd-68ce-4a83-8630-b36e59903c86,Monitor,300.0
2023-02-05,00:00:00,Store_001,Cust_920,a0512c7e-a20f-4271-8339-41c0c5c9f425,Mouse,25.0
2023-02-05,00:00:00,Store_001,Cust_920,a0512c7e-a20f-4271-8339-41c0c5c9f425,Monitor,300.0
2023-02-05,00:00:00,Store_001,Cust_412,b1051d98-08c5-42c1-8684-dc356e2a00b6,Monitor,300.0
2023-02-05,00:00:00,Store_001,Cust_412,b1051d98-08c5-42c1-8684-dc356e2a00b6,Printer,150.0
2023-02-05,00:00:00,Store_001,Cust_315,f3acd53c-dec1-4f00-b568-f81f34aef98b,Laptop,1200.0
2023-02-05,00:00:00,Store_001,Cust_315,f3acd53c-dec1-4f00-b568-f81f34aef98b,Mouse,25.0
2023-02-05,00:00:00,Store_001,Cust_315,f3acd53c-dec1-4f00-b568-f81f34aef98b,Keyboard,45.0
2023-02-05,00:00:00,Store_001,Cust_117,e9dd57c5-e864-4ac1-b3d7-73627f06ba7a,Monitor,300.0
2023-02-05,00:00:00,Store_001,Cust_926,6cfc36e3-b489-48c2-a7b8-5c685f18efd9,Laptop,1200.0
2023-02-05,00:00:00,Store_001,Cust_926,6cfc36e3-b489-48c2-a7b8-5c685f18efd9,Keyboard,45.0
2023-02-05,00:00:00,Store_001,Cust_926,6cfc36e3-b489-48c2-a7b8-5c685f18efd9,Mouse,25.0
2023-02-05,00:00:00,Store_001,Cust_025,df4e01e3-70ee-4cf4-90f6-df8b022f4d9b,Keyboard,45.0
2023-02-05,00:00:00,Store_001,Cust_025,df4e01e3-70ee-4cf4-90f6-df8b022f4d9b,Laptop,1200.0
2023-02-05,00:00:00,Store_001,Cust_025,df4e01e3-70ee-4cf4-90f6-df8b022f4d9b,Monitor,300.0
2023-02-05,00:00:00,Store_001,Cust_083,c0f64adc-e72e-40f8-a04f-85163149a290,Monitor,300.0
2023-02-05,00:00:00,Store_001,Cust_309,114d574d-e7ca-4938-862c-c185ca844edd,Keyboard,45.0
2023-02-05,00:00:00,Store_001,Cust_309,114d574d-e7ca-4938-862c-c185ca844edd,Monitor,300.0
2023-02-05,00:00:00,Store_001,Cust_309,114d574d-e7ca-4938-862c-c185ca844edd,Mouse,25.0
2023-02-05,00:00:00,Store_001,Cust_444,a2724dc9-1f3b-4bc0-a981-aa6deb55306a,Keyboard,45.0
2023-02-05,00:00:00,Store_001,Cust_444,a2724dc9-1f3b-4bc0-a981-aa6deb55306a,Printer,150.0
2023-02-05,00:00:00,Store_001,Cust_485,9f265947-6615-41b0-b0a2-0bcac29ff75c,Printer,150.0
2023-02-05,00:00:00,Store_001,Cust_144,874a05ca-1bf6-48c8-826c-a42314cac51a,Laptop,1200.0
2023-02-05,00:00:00,Store_001,Cust_080,84ee5e71-1d29-40c8-802b-9f15da94f5cc,Laptop,1200.0
2023-02-05,00:00:00,Store_001,Cust_080,84ee5e71-1d29-40c8-802b-9f15da94f5cc,Printer,150.0
2023-02-05,00:00:00,Store_001,Cust_293,df1fe24f-70f2-4821-abca-f8414e356259,Printer,150.0
2023-02-05,00:00:00,Store_001,Cust_293,df1fe24f-70f2-4821-abca-f8414e356259,Monitor,300.0
2023-02-05,00:00:00,Store_001,Cust_559,e1a6cd06-50db-4c6d-98fa-ad620f6b97a8,Monitor,300.0
2023-02-05,00:00:00,Store_001,Cust_559,e1a6cd06-50db-4c6d-98fa-ad620f6b97a8,Keyboard,45.0
2023-02-05,00:00:00,Store_001,Cust_819,f0d1a556-bff9-4241-89b4-a11e495bf248,Keyboard,45.0
2023-02-05,00:00:00,Store_001,Cust_819,f0d1a556-bff9-4241-89b4-a11e495bf248,Monitor,300.0
2023-02-05,00:00:00,Store_001,Cust_819,f0d1a556-bff9-4241-89b4-a11e495bf248,Mouse,25.0
2023-02-05,00:00:00,Store_001,Cust_350,abb918be-f6d9-4a2f-9d78-2c90e53f08a1,Mouse,25.0
2023-02-05,00:00:00,Store_001,Cust_350,abb918be-f6d9-4a2f-9d78-2c90e53f08a1,Monitor,300.0
2023-02-06,00:00:00,Store_001,Cust_296,0a8e6bd0-6e9d-4967-aa34-1b62905cccc1,Printer,150.0
2023-02-06,00:00:00,Store_001,Cust_296,0a8e6bd0-6e9d-4967-aa34-1b62905cccc1,Mouse,25.0
2023-02-06,00:00:00,Store_001,Cust_660,5c871b66-fef0-4d3e-9e89-4e6c75a0077e,Monitor,300.0
2023-02-06,00:00:00,Store_001,Cust_262,4c736b02-e08f-4f2a-9c8f-24202b33ec05,Printer,150.0
2023-02-06,00:00:00,Store_001,Cust_262,4c736b02-e08f-4f2a-9c8f-24202b33ec05,Laptop,1200.0
2023-02-06,00:00:00,Store_001,Cust_262,4c736b02-e08f-4f2a-9c8f-24202b33ec05,Keyboard,45.0
2023-02-06,00:00:00,Store_001,Cust_737,3ae46d8d-30bf-4909-86f0-a6e94161ac38,Laptop,1200.0
2023-02-06,00:00:00,Store_001,Cust_158,35c54c0e-379b-4d96-ab88-210baf800726,Keyboard,45.0
2023-02-06,00:00:00,Store_001,Cust_158,35c54c0e-379b-4d96-ab88-210baf800726,Monitor,300.0
2023-02-06,00:00:00,Store_001,Cust_177,9426aea1-9103-4875-a254-d3f41cc963f2,Laptop,1200.0
2023-02-06,00:00:00,Store_001,Cust_177,9426aea1-9103-4875-a254-d3f41cc963f2,Printer,150.0
2023-02-06,00:00:00,Store_001,Cust_177,9426aea1-9103-4875-a254-d3f41cc963f2,Monitor,300.0
2023-02-06,00:00:00,Store_001,Cust_301,d8b80134-7451-4294-b531-4fdada075735,Mouse,25.0
2023-02-06,00:00:00,Store_001,Cust_301,d8b80134-7451-4294-b531-4fdada075735,Monitor,300.0
2023-02-06,00:00:00,Store_001,Cust_714,31aab7a7-94c3-4e46-a349-2d436a8d31b3,Printer,150.0
2023-02-06,00:00:00,Store_001,Cust_502,06317fd2-510c-4e58-9301-cb0d7d1bd266,Mouse,25.0
2023-02-06,00:00:00,Store_001,Cust_502,06317fd2-510c-4e58-9301-cb0d7d1bd266,Keyboard,45.0
2023-02-06,00:00:00,Store_001,Cust_704,445bcc9a-497c-4891-ac72-c9ae901f6be8,Keyboard,45.0
2023-02-06,00:00:00,Store_001,Cust_704,445bcc9a-497c-4891-ac72-c9ae901f6be8,Mouse,25.0
2023-02-06,00:00:00,Store_001,Cust_704,445bcc9a-497c-4891-ac72-c9ae901f6be8,Monitor,300.0
2023-02-06,00:00:00,Store_001,Cust_654,468434c4-0287-4f72-9298-6b12d5c44bca,Printer,150.0
2023-02-06,00:00:00,Store_001,Cust_753,bab4fcdc-82ac-45ad-a454-68996755dc74,Keyboard,45.0
2023-02-06,00:00:00,Store_001,Cust_753,bab4fcdc-82ac-45ad-a454-68996755dc74,Laptop,1200.0
2023-02-06,00:00:00,Store_001,Cust_440,e7c95e28-81d2-4e32-81bc-59e83ff416b8,Mouse,25.0
2023-02-06,00:00:00,Store_001,Cust_440,e7c95e28-81d2-4e32-81bc-59e83ff416b8,Laptop,1200.0
2023-02-06,00:00:00,Store_001,Cust_307,b53cfac0-5e9a-4441-b43e-60b244672057,Monitor,300.0
2023-02-06,00:00:00,Store_001,Cust_307,b53cfac0-5e9a-4441-b43e-60b244672057,Keyboard,45.0
2023-02-07,00:00:00,Store_001,Cust_623,2558972a-11f8-4a38-8e3a-2bfb5b19e18a,Laptop,1200.0
2023-02-07,00:00:00,Store_001,Cust_623,2558972a-11f8-4a38-8e3a-2bfb5b19e18a,Printer,150.0
2023-02-07,00:00:00,Store_001,Cust_623,2558972a-11f8-4a38-8e3a-2bfb5b19e18a,Monitor,300.0
2023-02-07,00:00:00,Store_001,Cust_028,0aabbdc3-77ad-4bca-8903-83e6d8f1e47d,Keyboard,45.0
2023-02-07,00:00:00,Store_001,Cust_028,0aabbdc3-77ad-4bca-8903-83e6d8f1e47d,Laptop,1200.0
2023-02-07,00:00:00,Store_001,Cust_028,0aabbdc3-77ad-4bca-8903-83e6d8f1e47d,Mouse,25.0
2023-02-07,00:00:00,Store_001,Cust_909,5b935516-5c9d-4744-bcfc-312967f7cb1b,Printer,150.0
2023-02-07,00:00:00,Store_001,Cust_909,5b935516-5c9d-4744-bcfc-312967f7cb1b,Mouse,25.0
2023-02-07,00:00:00,Store_001,Cust_692,2811f079-68c1-4797-8682-522e54b1e970,Keyboard,45.0
2023-02-07,00:00:00,Store_001,Cust_610,2090ba7d-b770-46fa-91df-d972605b13eb,Printer,150.0
2023-02-07,00:00:00,Store_001,Cust_599,2c727b1c-f612-40d3-9665-8cfb9773fe7c,Monitor,300.0
2023-02-07,00:00:00,Store_001,Cust_599,2c727b1c-f612-40d3-9665-8cfb9773fe7c,Mouse,25.0
2023-02-07,00:00:00,Store_001,Cust_049,b5ac6e66-ec3f-4887-837f-35f031d37919,Laptop,1200.0
2023-02-07,00:00:00,Store_001,Cust_049,b5ac6e66-ec3f-4887-837f-35f031d37919,Monitor,300.0
2023-02-07,00:00:00,Store_001,Cust_472,74b2737d-e280-4c26-90b6-146d4bdba836,Keyboard,45.0
2023-02-07,00:00:00,Store_001,Cust_306,f21cad31-a3b0-4566-aef3-95d213ae81b3,Keyboard,45.0
2023-02-07,00:00:00,Store_001,Cust_306,f21cad31-a3b0-4566-aef3-95d213ae81b3,Printer,150.0
2023-02-07,00:00:00,Store_001,Cust_123,8bb3ab1d-bf2e-4aaf-9d51-328460a33bfb,Keyboard,45.0
2023-02-07,00:00:00,Store_001,Cust_123,8bb3ab1d-bf2e-4aaf-9d51-328460a33bfb,Mouse,25.0
2023-02-08,00:00:00,Store_001,Cust_176,e0cba38e-6590-4760-9dee-3c9065d54a7f,Mouse,25.0
2023-02-08,00:00:00,Store_001,Cust_176,e0cba38e-6590-4760-9dee-3c9065d54a7f,Keyboard,45.0
2023-02-08,00:00:00,Store_001,Cust_176,e0cba38e-6590-4760-9dee-3c9065d54a7f,Monitor,300.0
2023-02-08,00:00:00,Store_001,Cust_395,dad50fbb-9fbc-49fd-8aeb-f0a866238d1c,Mouse,25.0
2023-02-08,00:00:00,Store_001,Cust_395,dad50fbb-9fbc-49fd-8aeb-f0a866238d1c,Keyboard,45.0
2023-02-08,00:00:00,Store_001,Cust_395,dad50fbb-9fbc-49fd-8aeb-f0a866238d1c,Printer,150.0
2023-02-08,00:00:00,Store_001,Cust_079,a8da5aa4-9a94-4190-bb29-66d2a5157eb9,Laptop,1200.0
2023-02-08,00:00:00,Store_001,Cust_851,2e0dee80-e35a-4ee3-8e35-55c3e79ee659,Laptop,1200.0
2023-02-08,00:00:00,Store_001,Cust_851,2e0dee80-e35a-4ee3-8e35-55c3e79ee659,Mouse,25.0
2023-02-08,00:00:00,Store_001,Cust_510,03be3be1-9931-4457-8265-13c3af118d0e,Laptop,1200.0
2023-02-09,00:00:00,Store_001,Cust_514,b86f12f6-0d0b-4fbc-8f1d-35edb8b74f37,Printer,150.0
2023-02-09,00:00:00,Store_001,Cust_514,b86f12f6-0d0b-4fbc-8f1d-35edb8b74f37,Keyboard,45.0
2023-02-09,00:00:00,Store_001,Cust_514,b86f12f6-0d0b-4fbc-8f1d-35edb8b74f37,Laptop,1200.0
2023-02-09,00:00:00,Store_001,Cust_137,2d079f88-ecd8-454a-b951-3d6b896fb010,Mouse,25.0
2023-02-09,00:00:00,Store_001,Cust_866,7eca8ec0-6f70-4490-a010-4f03b45d3f46,Keyboard,45.0
2023-02-09,00:00:00,Store_001,Cust_866,7eca8ec0-6f70-4490-a010-4f03b45d3f46,Laptop,1200.0
2023-02-09,00:00:00,Store_001,Cust_866,7eca8ec0-6f70-4490-a010-4f03b45d3f46,Mouse,25.0
2023-02-09,00:00:00,Store_001,Cust_222,b3757012-1ee5-4eff-a652-34ef36f77dcd,Laptop,1200.0
2023-02-09,00:00:00,Store_001,Cust_222,b3757012-1ee5-4eff-a652-34ef36f77dcd,Monitor,300.0
2023-02-09,00:00:00,Store_001,Cust_204,27425b0f-6b18-445b-a39e-1d6c806b137f,Monitor,300.0
2023-02-09,00:00:00,Store_001,Cust_204,27425b0f-6b18-445b-a39e-1d6c806b137f,Printer,150.0
2023-02-09,00:00:00,Store_001,Cust_122,5bf29f3c-b969-411c-b2ea-a3a56a2fbc15,Printer,150.0
2023-02-09,00:00:00,Store_001,Cust_122,5bf29f3c-b969-411c-b2ea-a3a56a2fbc15,Keyboard,45.0
2023-02-09,00:00:00,Store_001,Cust_122,5bf29f3c-b969-411c-b2ea-a3a56a2fbc15,Mouse,25.0
2023-02-09,00:00:00,Store_001,Cust_759,04c65aeb-f0bb-40b5-ab55-8be30f9ccb05,Laptop,1200.0
2023-02-09,00:00:00,Store_001,Cust_759,04c65aeb-f0bb-40b5-ab55-8be30f9ccb05,Printer,150.0
2023-02-09,00:00:00,Store_001,Cust_759,04c65aeb-f0bb-40b5-ab55-8be30f9ccb05,Mouse,25.0
2023-02-09,00:00:00,Store_001,Cust_855,93f35729-2227-4a7b-8a62-690a8e0b0bf3,Laptop,1200.0
2023-02-09,00:00:00,Store_001,Cust_855,93f35729-2227-4a7b-8a62-690a8e0b0bf3,Mouse,25.0
2023-02-09,00:00:00,Store_001,Cust_855,93f35729-2227-4a7b-8a62-690a8e0b0bf3,Monitor,300.0
2023-02-10,00:00:00,Store_001,Cust_622,f7bed9ec-a5ef-49d2-8051-42341c8fe244,Laptop,1200.0
2023-02-10,00:00:00,Store_001,Cust_622,f7bed9ec-a5ef-49d2-8051-42341c8fe244,Printer,150.0
2023-02-10,00:00:00,Store_001,Cust_622,f7bed9ec-a5ef-49d2-8051-42341c8fe244,Monitor,300.0
2023-02-10,00:00:00,Store_001,Cust_733,5d2e02f3-ebf6-4526-98fb-67cf0bd69dfc,Monitor,300.0
2023-02-10,00:00:00,Store_001,Cust_402,c0530f33-d37e-4c63-bed0-aa96a2dced92,Mouse,25.0
2023-02-10,00:00:00,Store_001,Cust_402,c0530f33-d37e-4c63-bed0-aa96a2dced92,Printer,150.0
2023-02-10,00:00:00,Store_001,Cust_072,5da02a88-153d-4efe-a8de-2f7924428970,Laptop,1200.0
2023-02-10,00:00:00,Store_001,Cust_072,5da02a88-153d-4efe-a8de-2f7924428970,Monitor,300.0
2023-02-11,00:00:00,Store_001,Cust_126,f35a727d-bef9-440a-977b-9318191a3c99,Laptop,1200.0
2023-02-11,00:00:00,Store_001,Cust_130,0d004ee3-929f-42f7-9259-2366cad0b904,Keyboard,45.0
2023-02-11,00:00:00,Store_001,Cust_407,a55cc0a4-6188-4cdb-9025-e65690326b1e,Laptop,1200.0
2023-02-11,00:00:00,Store_001,Cust_407,a55cc0a4-6188-4cdb-9025-e65690326b1e,Mouse,25.0
2023-02-12,00:00:00,Store_001,Cust_475,4a04213a-ecdc-43db-aa34-cf19775e7433,Monitor,300.0
2023-02-12,00:00:00,Store_001,Cust_475,4a04213a-ecdc-43db-aa34-cf19775e7433,Laptop,1200.0
2023-02-12,00:00:00,Store_001,Cust_382,70bf32c6-47d1-429b-a10d-952318833998,Printer,150.0
2023-02-12,00:00:00,Store_001,Cust_382,70bf32c6-47d1-429b-a10d-952318833998,Monitor,300.0
2023-02-13,00:00:00,Store_001,Cust_953,22225c8d-e587-4cd7-a8ba-b6548f7ba92e,Keyboard,45.0
2023-02-13,00:00:00,Store_001,Cust_650,fa39b4f3-ddb0-4826-9309-03b323d40ff0,Monitor,300.0
2023-02-13,00:00:00,Store_001,Cust_650,fa39b4f3-ddb0-4826-9309-03b323d40ff0,Laptop,1200.0
2023-02-13,00:00:00,Store_001,Cust_650,fa39b4f3-ddb0-4826-9309-03b323d40ff0,Mouse,25.0
2023-02-13,00:00:00,Store_001,Cust_424,3c9ec799-5e85-480f-961f-cedb43ce8f44,Mouse,25.0
2023-02-13,00:00:00,Store_001,Cust_424,3c9ec799-5e85-480f-961f-cedb43ce8f44,Printer,150.0
2023-02-13,00:00:00,Store_001,Cust_424,3c9ec799-5e85-480f-961f-cedb43ce8f44,Monitor,300.0
2023-02-13,00:00:00,Store_001,Cust_174,a415a2a9-19e6-4694-9cc3-ee86e2cd7643,Mouse,25.0
2023-02-13,00:00:00,Store_001,Cust_752,df364c9b-03ed-4414-b726-caf2751d2fb9,Printer,150.0
2023-02-13,00:00:00,Store_001,Cust_752,df364c9b-03ed-4414-b726-caf2751d2fb9,Keyboard,45.0
2023-02-13,00:00:00,Store_001,Cust_752,df364c9b-03ed-4414-b726-caf2751d2fb9,Mouse,25.0
2023-02-13,00:00:00,Store_001,Cust_669,306945ef-30c6-413e-8911-60d8ec6338b8,Keyboard,45.0
2023-02-13,00:00:00,Store_001,Cust_669,306945ef-30c6-413e-8911-60d8ec6338b8,Mouse,25.0
2023-02-13,00:00:00,Store_001,Cust_669,306945ef-30c6-413e-8911-60d8ec6338b8,Printer,150.0
2023-02-13,00:00:00,Store_001,Cust_718,43c86c7f-e717-4a1e-8208-dd770005c1f3,Monitor,300.0
2023-02-13,00:00:00,Store_001,Cust_718,43c86c7f-e717-4a1e-8208-dd770005c1f3,Mouse,25.0
2023-02-13,00:00:00,Store_001,Cust_718,43c86c7f-e717-4a1e-8208-dd770005c1f3,Printer,150.0
2023-02-13,00:00:00,Store_001,Cust_659,3d0bd9da-7011-438e-9b05-5995c7bfa593,Keyboard,45.0
2023-02-13,00:00:00,Store_001,Cust_042,5167e416-8a14-499c-b8db-4e5d9a9407a8,Keyboard,45.0
2023-02-13,00:00:00,Store_001,Cust_042,5167e416-8a14-499c-b8db-4e5d9a9407a8,Mouse,25.0
2023-02-13,00:00:00,Store_001,Cust_864,1a44bce2-6513-4f48-ba69-f173b9aff89d,Monitor,300.0
2023-02-13,00:00:00,Store_001,Cust_864,1a44bce2-6513-4f48-ba69-f173b9aff89d,Laptop,1200.0
2023-02-13,00:00:00,Store_001,Cust_864,1a44bce2-6513-4f48-ba69-f173b9aff89d,Keyboard,45.0
2023-02-13,00:00:00,Store_001,Cust_492,87859812-30d0-4b25-908d-ede2b16a3deb,Keyboard,45.0
2023-02-14,00:00:00,Store_001,Cust_960,f6146a78-781f-48ee-832c-559e73ef0da0,Laptop,1200.0
2023-02-14,00:00:00,Store_001,Cust_960,f6146a78-781f-48ee-832c-559e73ef0da0,Keyboard,45.0
2023-02-14,00:00:00,Store_001,Cust_960,f6146a78-781f-48ee-832c-559e73ef0da0,Monitor,300.0
2023-02-14,00:00:00,Store_001,Cust_791,feaffebd-bf64-47d3-a1ec-7b2ee38b85e1,Monitor,300.0
2023-02-14,00:00:00,Store_001,Cust_791,feaffebd-bf64-47d3-a1ec-7b2ee38b85e1,Keyboard,45.0
2023-02-14,00:00:00,Store_001,Cust_411,2b2f6bc4-991f-4c7f-ae19-791ea1ebd5cb,Keyboard,45.0
2023-02-14,00:00:00,Store_001,Cust_360,8abcd367-45fc-46e3-8b18-7fd862e09d27,Monitor,300.0
2023-02-14,00:00:00,Store_001,Cust_711,930bc7e7-b494-4b42-aacb-372797f920e9,Keyboard,45.0
2023-02-14,00:00:00,Store_001,Cust_711,930bc7e7-b494-4b42-aacb-372797f920e9,Monitor,300.0
2023-02-14,00:00:00,Store_001,Cust_711,930bc7e7-b494-4b42-aacb-372797f920e9,Printer,150.0
2023-02-14,00:00:00,Store_001,Cust_037,3955a025-3d4f-47d8-8740-e9fbbbb074b7,Printer,150.0
2023-02-14,00:00:00,Store_001,Cust_037,3955a025-3d4f-47d8-8740-e9fbbbb074b7,Monitor,300.0
2023-02-15,00:00:00,Store_001,Cust_598,73c6514d-2726-4880-b3ea-a8182ea98c21,Monitor,300.0
2023-02-15,00:00:00,Store_001,Cust_598,73c6514d-2726-4880-b3ea-a8182ea98c21,Mouse,25.0
2023-02-15,00:00:00,Store_001,Cust_598,73c6514d-2726-4880-b3ea-a8182ea98c21,Keyboard,45.0
2023-02-15,00:00:00,Store_001,Cust_051,a1d9fc71-bed2-4b3e-937c-71007e7da1da,Keyboard,45.0
2023-02-15,00:00:00,Store_001,Cust_777,b6be5948-f875-4b2b-b103-cb98461a5581,Laptop,1200.0
2023-02-15,00:00:00,Store_001,Cust_777,b6be5948-f875-4b2b-b103-cb98461a5581,Printer,150.0
2023-02-15,00:00:00,Store_001,Cust_777,b6be5948-f875-4b2b-b103-cb98461a5581,Monitor,300.0
2023-02-15,00:00:00,Store_001,Cust_361,aa63ffb7-ccd3-42fe-9bf5-de8bb10836d8,Mouse,25.0
2023-02-15,00:00:00,Store_001,Cust_361,aa63ffb7-ccd3-42fe-9bf5-de8bb10836d8,Laptop,1200.0
2023-02-15,00:00:00,Store_001,Cust_361,aa63ffb7-ccd3-42fe-9bf5-de8bb10836d8,Monitor,300.0
2023-02-15,00:00:00,Store_001,Cust_197,3f4a6572-6406-49eb-82ef-4d84444c5b9b,Printer,150.0
2023-02-15,00:00:00,Store_001,Cust_197,3f4a6572-6406-49eb-82ef-4d84444c5b9b,Mouse,25.0
2023-02-15,00:00:00,Store_001,Cust_811,b00c17e3-a48e-4cbb-8872-4b83a3b139b9,Laptop,1200.0
2023-02-15,00:00:00,Store_001,Cust_811,b00c17e3-a48e-4cbb-8872-4b83a3b139b9,Mouse,25.0
2023-02-15,00:00:00,Store_001,Cust_811,b00c17e3-a48e-4cbb-8872-4b83a3b139b9,Keyboard,45.0
2023-02-15,00:00:00,Store_001,Cust_613,b8e43df5-fb5c-4b90-bd92-663739eda818,Laptop,1200.0
2023-02-15,00:00:00,Store_001,Cust_613,b8e43df5-fb5c-4b90-bd92-663739eda818,Mouse,25.0
2023-02-15,00:00:00,Store_001,Cust_806,0f262bfe-74b4-491e-bd3e-0d7002cf0786,Printer,150.0
2023-02-16,00:00:00,Store_001,Cust_161,191b4907-2723-4e06-a758-c6b02e53b397,Printer,150.0
2023-02-16,00:00:00,Store_001,Cust_161,191b4907-2723-4e06-a758-c6b02e53b397,Mouse,25.0
2023-02-16,00:00:00,Store_001,Cust_955,600badc6-00e6-4fd7-8a49-1ba209e34374,Mouse,25.0
2023-02-16,00:00:00,Store_001,Cust_955,600badc6-00e6-4fd7-8a49-1ba209e34374,Keyboard,45.0
2023-02-16,00:00:00,Store_001,Cust_432,0021b878-e71f-4e86-8185-cf0e250d2685,Laptop,1200.0
2023-02-16,00:00:00,Store_001,Cust_432,0021b878-e71f-4e86-8185-cf0e250d2685,Printer,150.0
2023-02-16,00:00:00,Store_001,Cust_188,e3591bd3-ee8f-4a1b-ba93-b6e22298aaa6,Monitor,300.0
2023-02-16,00:00:00,Store_001,Cust_061,26185760-d2d3-4c8c-8da5-000a6f9763f5,Mouse,25.0
2023-02-16,00:00:00,Store_001,Cust_755,f4dbd1ff-e0f7-4b26-a9dc-12d207b394b8,Keyboard,45.0
2023-02-16,00:00:00,Store_001,Cust_755,f4dbd1ff-e0f7-4b26-a9dc-12d207b394b8,Mouse,25.0
2023-02-16,00:00:00,Store_001,Cust_755,f4dbd1ff-e0f7-4b26-a9dc-12d207b394b8,Printer,150.0
2023-02-16,00:00:00,Store_001,Cust_253,74a094fd-d91a-4d12-970f-cff5c6ccb6f0,Monitor,300.0
2023-02-16,00:00:00,Store_001,Cust_376,31daf86a-e32a-4193-8f00-52c71819a082,Printer,150.0
2023-02-16,00:00:00,Store_001,Cust_376,31daf86a-e32a-4193-8f00-52c71819a082,Keyboard,45.0
2023-02-17,00:00:00,Store_001,Cust_329,b7ae15b5-d0f8-4bb3-91b6-a7c6eb4b7545,Keyboard,45.0
2023-02-17,00:00:00,Store_001,Cust_152,0776140f-9a47-4156-92ee-4f6cf6a585bb,Keyboard,45.0
2023-02-17,00:00:00,Store_001,Cust_152,0776140f-9a47-4156-92ee-4f6cf6a585bb,Mouse,25.0
2023-02-17,00:00:00,Store_001,Cust_152,0776140f-9a47-4156-92ee-4f6cf6a585bb,Printer,150.0
2023-02-17,00:00:00,Store_001,Cust_498,aefdda07-b45d-44d9-8248-07c207267a51,Keyboard,45.0
2023-02-17,00:00:00,Store_001,Cust_498,aefdda07-b45d-44d9-8248-07c207267a51,Mouse,25.0
2023-02-17,00:00:00,Store_001,Cust_498,aefdda07-b45d-44d9-8248-07c207267a51,Monitor,300.0
2023-02-17,00:00:00,Store_001,Cust_545,b952b458-cb08-4959-aa83-573ae98c044d,Keyboard,45.0
2023-02-17,00:00:00,Store_001,Cust_545,b952b458-cb08-4959-aa83-573ae98c044d,Mouse,25.0
2023-02-17,00:00:00,Store_001,Cust_204,ae278624-31d3-4820-95e0-6dbbe314967b,Printer,150.0
2023-02-17,00:00:00,Store_001,Cust_307,50f8dd09-cd88-47c4-9121-14c2e78f977f,Laptop,1200.0
2023-02-17,00:00:00,Store_001,Cust_307,50f8dd09-cd88-47c4-9121-14c2e78f977f,Mouse,25.0
2023-02-17,00:00:00,Store_001,Cust_307,50f8dd09-cd88-47c4-9121-14c2e78f977f,Printer,150.0
2023-02-17,00:00:00,Store_001,Cust_254,24688f58-6eab-4b6f-aeb1-e08887b4f7e6,Monitor,300.0
2023-02-17,00:00:00,Store_001,Cust_254,24688f58-6eab-4b6f-aeb1-e08887b4f7e6,Keyboard,45.0
2023-02-17,00:00:00,Store_001,Cust_254,24688f58-6eab-4b6f-aeb1-e08887b4f7e6,Printer,150.0
2023-02-17,00:00:00,Store_001,Cust_521,bd0453b0-c7e2-4fd8-bf2c-4db9ec285f92,Laptop,1200.0
2023-02-17,00:00:00,Store_001,Cust_269,8ece84c5-4090-4bcb-9aef-390c35ee22db,Mouse,25.0
2023-02-17,00:00:00,Store_001,Cust_353,54039337-a024-44be-bb2d-3d002716f128,Keyboard,45.0
2023-02-17,00:00:00,Store_001,Cust_353,54039337-a024-44be-bb2d-3d002716f128,Monitor,300.0
2023-02-18,00:00:00,Store_001,Cust_891,25a3386f-6ec5-4e46-b4d3-1e4a0a5a69c3,Mouse,25.0
2023-02-18,00:00:00,Store_001,Cust_891,25a3386f-6ec5-4e46-b4d3-1e4a0a5a69c3,Laptop,1200.0
2023-02-18,00:00:00,Store_001,Cust_891,25a3386f-6ec5-4e46-b4d3-1e4a0a5a69c3,Keyboard,45.0
2023-02-18,00:00:00,Store_001,Cust_578,1af48877-e3c2-455e-84e5-49936c9856ac,Laptop,1200.0
2023-02-18,00:00:00,Store_001,Cust_408,61f6cf76-ecc7-4b77-b8ed-d96d01fbcab5,Keyboard,45.0
2023-02-19,00:00:00,Store_001,Cust_746,fbb0ee41-0c43-4188-8efb-6ac5eb065c13,Laptop,1200.0
2023-02-19,00:00:00,Store_001,Cust_746,fbb0ee41-0c43-4188-8efb-6ac5eb065c13,Printer,150.0
2023-02-19,00:00:00,Store_001,Cust_746,fbb0ee41-0c43-4188-8efb-6ac5eb065c13,Mouse,25.0
2023-02-19,00:00:00,Store_001,Cust_790,2e7f9ccd-d7b0-41b1-9954-5aa412af8d96,Monitor,300.0
2023-02-19,00:00:00,Store_001,Cust_790,2e7f9ccd-d7b0-41b1-9954-5aa412af8d96,Mouse,25.0
2023-02-19,00:00:00,Store_001,Cust_041,2c226866-3633-4a3a-89f8-ff7b259e70c9,Printer,150.0
2023-02-19,00:00:00,Store_001,Cust_041,2c226866-3633-4a3a-89f8-ff7b259e70c9,Laptop,1200.0
2023-02-19,00:00:00,Store_001,Cust_041,2c226866-3633-4a3a-89f8-ff7b259e70c9,Monitor,300.0
2023-02-19,00:00:00,Store_001,Cust_319,ce8a3002-c0b8-45ef-abcf-f9e4f0b67c8d,Printer,150.0
2023-02-19,00:00:00,Store_001,Cust_319,ce8a3002-c0b8-45ef-abcf-f9e4f0b67c8d,Mouse,25.0
2023-02-19,00:00:00,Store_001,Cust_159,d0fc508e-2daf-45c6-b526-fadcd23943cd,Mouse,25.0
2023-02-19,00:00:00,Store_001,Cust_902,97821933-2d5f-47ae-93e0-835bacdf2adb,Monitor,300.0
2023-02-19,00:00:00,Store_001,Cust_902,97821933-2d5f-47ae-93e0-835bacdf2adb,Mouse,25.0
2023-02-19,00:00:00,Store_001,Cust_902,97821933-2d5f-47ae-93e0-835bacdf2adb,Laptop,1200.0
2023-02-19,00:00:00,Store_001,Cust_894,50657954-0532-4d23-a0ae-a03ecdfd4851,Monitor,300.0
2023-02-19,00:00:00,Store_001,Cust_894,50657954-0532-4d23-a0ae-a03ecdfd4851,Mouse,25.0
2023-02-19,00:00:00,Store_001,Cust_894,50657954-0532-4d23-a0ae-a03ecdfd4851,Printer,150.0
2023-02-19,00:00:00,Store_001,Cust_172,b89eec34-467f-43f8-9909-6f90ada0c189,Keyboard,45.0
2023-02-19,00:00:00,Store_001,Cust_383,62e3f02c-b42f-400b-9ec8-27dddf425b29,Printer,150.0
2023-02-19,00:00:00,Store_001,Cust_383,62e3f02c-b42f-400b-9ec8-27dddf425b29,Keyboard,45.0
2023-02-19,00:00:00,Store_001,Cust_383,62e3f02c-b42f-400b-9ec8-27dddf425b29,Laptop,1200.0
2023-02-20,00:00:00,Store_001,Cust_636,6d29a440-d2dc-497b-b22f-2c048e21e1d3,Laptop,1200.0
2023-02-20,00:00:00,Store_001,Cust_636,6d29a440-d2dc-497b-b22f-2c048e21e1d3,Mouse,25.0
2023-02-20,00:00:00,Store_001,Cust_552,024b8ea4-df58-4ba3-87af-efd37fbc67e3,Mouse,25.0
2023-02-20,00:00:00,Store_001,Cust_552,024b8ea4-df58-4ba3-87af-efd37fbc67e3,Keyboard,45.0
2023-02-20,00:00:00,Store_001,Cust_552,024b8ea4-df58-4ba3-87af-efd37fbc67e3,Printer,150.0
2023-02-20,00:00:00,Store_001,Cust_680,31736516-0076-44dd-a365-0d266869bee8,Laptop,1200.0
2023-02-20,00:00:00,Store_001,Cust_680,31736516-0076-44dd-a365-0d266869bee8,Printer,150.0
2023-02-20,00:00:00,Store_001,Cust_373,5cd17797-6d24-4e30-bd23-5083d57c5dc0,Laptop,1200.0
2023-02-20,00:00:00,Store_001,Cust_373,5cd17797-6d24-4e30-bd23-5083d57c5dc0,Keyboard,45.0
2023-02-20,00:00:00,Store_001,Cust_500,f9564169-7904-470a-a6a1-579fcfd27809,Monitor,300.0
2023-02-20,00:00:00,Store_001,Cust_500,f9564169-7904-470a-a6a1-579fcfd27809,Printer,150.0
2023-02-20,00:00:00,Store_001,Cust_826,360a1bdb-f3e9-4cf1-8615-0d596a044f74,Keyboard,45.0
2023-02-20,00:00:00,Store_001,Cust_826,360a1bdb-f3e9-4cf1-8615-0d596a044f74,Monitor,300.0
2023-02-20,00:00:00,Store_001,Cust_367,754c2573-925e-471f-9965-396ad551ecee,Laptop,1200.0
2023-02-20,00:00:00,Store_001,Cust_367,754c2573-925e-471f-9965-396ad551ecee,Keyboard,45.0
2023-02-20,00:00:00,Store_001,Cust_760,37c0ae32-5f1a-4744-926f-27b2f6b50943,Laptop,1200.0
2023-02-20,00:00:00,Store_001,Cust_760,37c0ae32-5f1a-4744-926f-27b2f6b50943,Keyboard,45.0
2023-02-20,00:00:00,Store_001,Cust_760,37c0ae32-5f1a-4744-926f-27b2f6b50943,Printer,150.0
2023-02-20,00:00:00,Store_001,Cust_474,fb24b9be-5d7b-479c-8f78-320f572b0cea,Printer,150.0
2023-02-20,00:00:00,Store_001,Cust_190,1f9bbfc2-cdff-4e73-8dc9-1223e903f0aa,Monitor,300.0
2023-02-20,00:00:00,Store_001,Cust_190,1f9bbfc2-cdff-4e73-8dc9-1223e903f0aa,Mouse,25.0
2023-02-20,00:00:00,Store_001,Cust_190,1f9bbfc2-cdff-4e73-8dc9-1223e903f0aa,Keyboard,45.0
2023-02-20,00:00:00,Store_001,Cust_059,d8964ff5-c381-4a74-adac-d0185651b9fc,Mouse,25.0
2023-02-20,00:00:00,Store_001,Cust_059,d8964ff5-c381-4a74-adac-d0185651b9fc,Monitor,300.0
2023-02-21,00:00:00,Store_001,Cust_407,52bd76fc-3f83-4809-b517-dffee6eca9d0,Printer,150.0
2023-02-21,00:00:00,Store_001,Cust_407,52bd76fc-3f83-4809-b517-dffee6eca9d0,Mouse,25.0
2023-02-21,00:00:00,Store_001,Cust_481,b0904d19-2bfa-41bc-8a93-cc65c7019abe,Laptop,1200.0
2023-02-21,00:00:00,Store_001,Cust_968,1a93cd4a-ad95-40ee-915a-4739cd344f87,Monitor,300.0
2023-02-21,00:00:00,Store_001,Cust_326,d05bea6e-3c30-4915-935b-4e59c78baaae,Printer,150.0
2023-02-21,00:00:00,Store_001,Cust_326,d05bea6e-3c30-4915-935b-4e59c78baaae,Mouse,25.0
2023-02-21,00:00:00,Store_001,Cust_326,d05bea6e-3c30-4915-935b-4e59c78baaae,Laptop,1200.0
2023-02-21,00:00:00,Store_001,Cust_408,4ae41804-0c2d-4eba-99a4-8d80fd4d0059,Laptop,1200.0
2023-02-21,00:00:00,Store_001,Cust_408,4ae41804-0c2d-4eba-99a4-8d80fd4d0059,Keyboard,45.0
2023-02-21,00:00:00,Store_001,Cust_264,7e62877f-fc06-4ded-90d2-605392f11769,Monitor,300.0
2023-02-21,00:00:00,Store_001,Cust_264,7e62877f-fc06-4ded-90d2-605392f11769,Mouse,25.0
2023-02-21,00:00:00,Store_001,Cust_264,7e62877f-fc06-4ded-90d2-605392f11769,Printer,150.0
2023-02-21,00:00:00,Store_001,Cust_238,21120cb3-8ade-4fb0-b5ae-c2d509427d8e,Mouse,25.0
2023-02-21,00:00:00,Store_001,Cust_238,21120cb3-8ade-4fb0-b5ae-c2d509427d8e,Monitor,300.0
2023-02-21,00:00:00,Store_001,Cust_559,9433ed0c-06ee-4156-98bb-cdb8e4b191d5,Monitor,300.0
2023-02-21,00:00:00,Store_001,Cust_558,62c25295-3662-4003-8c6c-7cdfe66724ef,Laptop,1200.0
2023-02-21,00:00:00,Store_001,Cust_717,d0ca1878-5ad6-4944-ba32-9ebec131f372,Laptop,1200.0
2023-02-21,00:00:00,Store_001,Cust_717,d0ca1878-5ad6-4944-ba32-9ebec131f372,Mouse,25.0
2023-02-21,00:00:00,Store_001,Cust_717,d0ca1878-5ad6-4944-ba32-9ebec131f372,Keyboard,45.0
2023-02-21,00:00:00,Store_001,Cust_324,d1f41a94-3eec-4e5e-b855-ada5eaedb5e9,Laptop,1200.0
2023-02-21,00:00:00,Store_001,Cust_324,d1f41a94-3eec-4e5e-b855-ada5eaedb5e9,Keyboard,45.0
2023-02-21,00:00:00,Store_001,Cust_987,c60eff32-4c60-4999-b2e4-109448ff3e43,Printer,150.0
2023-02-21,00:00:00,Store_001,Cust_987,c60eff32-4c60-4999-b2e4-109448ff3e43,Laptop,1200.0
2023-02-21,00:00:00,Store_001,Cust_610,3bdd6f10-035a-424a-bc40-2349f180e559,Printer,150.0
2023-02-21,00:00:00,Store_001,Cust_610,3bdd6f10-035a-424a-bc40-2349f180e559,Keyboard,45.0
2023-02-21,00:00:00,Store_001,Cust_326,6e9ca30d-6501-45d5-8a2d-50a90dc303f7,Printer,150.0
2023-02-22,00:00:00,Store_001,Cust_619,1f68de5e-fac1-4df5-9aa8-99487847fbe6,Printer,150.0
2023-02-22,00:00:00,Store_001,Cust_619,1f68de5e-fac1-4df5-9aa8-99487847fbe6,Mouse,25.0
2023-02-22,00:00:00,Store_001,Cust_619,1f68de5e-fac1-4df5-9aa8-99487847fbe6,Keyboard,45.0
2023-02-22,00:00:00,Store_001,Cust_262,4c7dd3ea-cea0-46cd-8d93-22d8912281de,Keyboard,45.0
2023-02-22,00:00:00,Store_001,Cust_745,1c45fdfd-23e5-4ba5-8166-1dbe5fd110c5,Keyboard,45.0
2023-02-22,00:00:00,Store_001,Cust_745,1c45fdfd-23e5-4ba5-8166-1dbe5fd110c5,Monitor,300.0
2023-02-22,00:00:00,Store_001,Cust_745,1c45fdfd-23e5-4ba5-8166-1dbe5fd110c5,Mouse,25.0
2023-02-22,00:00:00,Store_001,Cust_201,b206eda5-273d-47d0-b50f-ddfc4ba467ca,Keyboard,45.0
2023-02-22,00:00:00,Store_001,Cust_201,b206eda5-273d-47d0-b50f-ddfc4ba467ca,Laptop,1200.0
2023-02-22,00:00:00,Store_001,Cust_893,8b76b769-9323-49b5-bbd3-9f419c24bb9c,Printer,150.0
2023-02-22,00:00:00,Store_001,Cust_893,8b76b769-9323-49b5-bbd3-9f419c24bb9c,Keyboard,45.0
2023-02-22,00:00:00,Store_001,Cust_073,bb443f05-de2d-49c5-be43-415460102fd0,Keyboard,45.0
2023-02-22,00:00:00,Store_001,Cust_668,fe8d2a48-f3cf-4bf8-a93c-338bdecb0811,Mouse,25.0
2023-02-22,00:00:00,Store_001,Cust_668,fe8d2a48-f3cf-4bf8-a93c-338bdecb0811,Keyboard,45.0
2023-02-22,00:00:00,Store_001,Cust_668,fe8d2a48-f3cf-4bf8-a93c-338bdecb0811,Laptop,1200.0
2023-02-23,00:00:00,Store_001,Cust_886,7956f1b5-061f-4979-8ad6-cc869ff0358b,Laptop,1200.0
2023-02-23,00:00:00,Store_001,Cust_886,7956f1b5-061f-4979-8ad6-cc869ff0358b,Monitor,300.0
2023-02-23,00:00:00,Store_001,Cust_886,7956f1b5-061f-4979-8ad6-cc869ff0358b,Mouse,25.0
2023-02-23,00:00:00,Store_001,Cust_895,a24ef1f8-ca2f-4841-ac82-4c873a239627,Mouse,25.0
2023-02-23,00:00:00,Store_001,Cust_895,a24ef1f8-ca2f-4841-ac82-4c873a239627,Laptop,1200.0
2023-02-23,00:00:00,Store_001,Cust_754,93addfde-fc7b-4546-a55c-4a6451d480fd,Keyboard,45.0
2023-02-23,00:00:00,Store_001,Cust_754,93addfde-fc7b-4546-a55c-4a6451d480fd,Printer,150.0
2023-02-23,00:00:00,Store_001,Cust_530,db599f97-9eb6-49e2-b55b-5141eeb0a3ae,Printer,150.0
2023-02-23,00:00:00,Store_001,Cust_510,45fa32e9-1c39-49d3-bbd4-41a491a4c9bd,Mouse,25.0
2023-02-23,00:00:00,Store_001,Cust_510,45fa32e9-1c39-49d3-bbd4-41a491a4c9bd,Keyboard,45.0
2023-02-23,00:00:00,Store_001,Cust_510,45fa32e9-1c39-49d3-bbd4-41a491a4c9bd,Printer,150.0
2023-02-23,00:00:00,Store_001,Cust_194,936b53b3-3c0b-463e-ac9a-249f771eb2cf,Monitor,300.0
2023-02-23,00:00:00,Store_001,Cust_659,35252edc-8c77-4ab7-a4b3-48de2e430a02,Mouse,25.0
2023-02-23,00:00:00,Store_001,Cust_659,35252edc-8c77-4ab7-a4b3-48de2e430a02,Laptop,1200.0
2023-02-23,00:00:00,Store_001,Cust_164,e6ec5d06-8894-4e31-a99a-b70bfe01422b,Keyboard,45.0
2023-02-23,00:00:00,Store_001,Cust_299,8fb8b0ee-b921-4f10-b829-d0fc00c0073d,Keyboard,45.0
2023-02-23,00:00:00,Store_001,Cust_298,608056cc-58d7-4120-b1c9-fc1f8c7eaa6d,Monitor,300.0
2023-02-24,00:00:00,Store_001,Cust_429,db08109f-d3ef-47fe-81fe-e5f69eb2408a,Laptop,1200.0
2023-02-24,00:00:00,Store_001,Cust_429,db08109f-d3ef-47fe-81fe-e5f69eb2408a,Monitor,300.0
2023-02-24,00:00:00,Store_001,Cust_443,cf69a7fb-396b-4857-9510-77434f48c634,Laptop,1200.0
2023-02-24,00:00:00,Store_001,Cust_443,cf69a7fb-396b-4857-9510-77434f48c634,Mouse,25.0
2023-02-24,00:00:00,Store_001,Cust_832,0baf0a54-75dd-407a-9926-0b71a143a32c,Laptop,1200.0
2023-02-24,00:00:00,Store_001,Cust_832,0baf0a54-75dd-407a-9926-0b71a143a32c,Printer,150.0
2023-02-24,00:00:00,Store_001,Cust_832,0baf0a54-75dd-407a-9926-0b71a143a32c,Monitor,300.0
2023-02-24,00:00:00,Store_001,Cust_280,6409c840-9a78-49c4-ab3f-b8ec5c4d73b4,Monitor,300.0
2023-02-24,00:00:00,Store_001,Cust_280,6409c840-9a78-49c4-ab3f-b8ec5c4d73b4,Mouse,25.0
2023-02-24,00:00:00,Store_001,Cust_280,6409c840-9a78-49c4-ab3f-b8ec5c4d73b4,Laptop,1200.0
2023-02-24,00:00:00,Store_001,Cust_147,4d15aa0e-d273-4bfe-8685-ee0f67897a5c,Keyboard,45.0
2023-02-24,00:00:00,Store_001,Cust_739,1244bfa6-835d-4f37-b34c-c2c712caa7cc,Laptop,1200.0
2023-02-24,00:00:00,Store_001,Cust_901,c3a068f4-e52a-44c3-a8a2-a68057fa733a,Printer,150.0
2023-02-24,00:00:00,Store_001,Cust_901,c3a068f4-e52a-44c3-a8a2-a68057fa733a,Mouse,25.0
2023-02-24,00:00:00,Store_001,Cust_337,00a74b08-6d55-4320-b22e-d73f0839c56f,Mouse,25.0
2023-02-24,00:00:00,Store_001,Cust_008,97fce660-d1bb-4141-b4ce-6e90b34f7a85,Monitor,300.0
2023-02-24,00:00:00,Store_001,Cust_068,75add759-f5c9-495c-a20d-32aabd2a5ef9,Keyboard,45.0
2023-02-24,00:00:00,Store_001,Cust_068,75add759-f5c9-495c-a20d-32aabd2a5ef9,Monitor,300.0
2023-02-24,00:00:00,Store_001,Cust_068,75add759-f5c9-495c-a20d-32aabd2a5ef9,Mouse,25.0
2023-02-24,00:00:00,Store_001,Cust_614,e151c160-1252-424b-9606-f073eb70dd40,Monitor,300.0
2023-02-24,00:00:00,Store_001,Cust_614,e151c160-1252-424b-9606-f073eb70dd40,Printer,150.0
2023-02-24,00:00:00,Store_001,Cust_290,19ebf4ac-c348-4bfd-9a11-e85647e7b410,Mouse,25.0
2023-02-24,00:00:00,Store_001,Cust_290,19ebf4ac-c348-4bfd-9a11-e85647e7b410,Printer,150.0
2023-02-24,00:00:00,Store_001,Cust_290,19ebf4ac-c348-4bfd-9a11-e85647e7b410,Keyboard,45.0
2023-02-24,00:00:00,Store_001,Cust_095,dcee1000-bc0f-4529-81c4-c5492cd34820,Keyboard,45.0
2023-02-24,00:00:00,Store_001,Cust_513,059cf5c1-c2a2-442c-b87a-9499bed78c2a,Mouse,25.0
2023-02-24,00:00:00,Store_001,Cust_513,059cf5c1-c2a2-442c-b87a-9499bed78c2a,Monitor,300.0
2023-02-24,00:00:00,Store_001,Cust_128,2c628107-1670-4a39-974c-fdacefd19ba5,Mouse,25.0
2023-02-24,00:00:00,Store_001,Cust_128,2c628107-1670-4a39-974c-fdacefd19ba5,Laptop,1200.0
2023-02-25,00:00:00,Store_001,Cust_254,b800b35c-884f-4a35-a335-ccfcfef86a7c,Mouse,25.0
2023-02-25,00:00:00,Store_001,Cust_305,0b0dcc98-d19d-48e4-b858-0eec9220351f,Printer,150.0
2023-02-25,00:00:00,Store_001,Cust_305,0b0dcc98-d19d-48e4-b858-0eec9220351f,Keyboard,45.0
2023-02-25,00:00:00,Store_001,Cust_347,c97dd037-83b7-4bae-bb56-c114ae849915,Laptop,1200.0
2023-02-25,00:00:00,Store_001,Cust_347,c97dd037-83b7-4bae-bb56-c114ae849915,Monitor,300.0
2023-02-25,00:00:00,Store_001,Cust_347,c97dd037-83b7-4bae-bb56-c114ae849915,Mouse,25.0
2023-02-25,00:00:00,Store_001,Cust_373,2f4629f1-06a7-470a-99c8-b05fc7ae5d10,Keyboard,45.0
2023-02-25,00:00:00,Store_001,Cust_373,2f4629f1-06a7-470a-99c8-b05fc7ae5d10,Mouse,25.0
2023-02-25,00:00:00,Store_001,Cust_373,2f4629f1-06a7-470a-99c8-b05fc7ae5d10,Laptop,1200.0
2023-02-25,00:00:00,Store_001,Cust_181,c050c984-6899-42aa-9259-e8e0e5173a0e,Laptop,1200.0
2023-02-25,00:00:00,Store_001,Cust_181,c050c984-6899-42aa-9259-e8e0e5173a0e,Mouse,25.0
2023-02-25,00:00:00,Store_001,Cust_181,c050c984-6899-42aa-9259-e8e0e5173a0e,Monitor,300.0
2023-02-25,00:00:00,Store_001,Cust_280,c50bf7f6-6418-4382-a8fe-2dfa040612a6,Laptop,1200.0
2023-02-25,00:00:00,Store_001,Cust_382,14b10cb3-8e91-40a5-8e93-9dd733dd9a52,Monitor,300.0
2023-02-25,00:00:00,Store_001,Cust_382,14b10cb3-8e91-40a5-8e93-9dd733dd9a52,Keyboard,45.0
2023-02-25,00:00:00,Store_001,Cust_696,57df8c74-893e-4461-910d-e5c1197977ac,Mouse,25.0
2023-02-25,00:00:00,Store_001,Cust_420,190653ef-af01-4e5c-846c-4b367cb68846,Keyboard,45.0
2023-02-25,00:00:00,Store_001,Cust_420,190653ef-af01-4e5c-846c-4b367cb68846,Laptop,1200.0
2023-02-25,00:00:00,Store_001,Cust_420,190653ef-af01-4e5c-846c-4b367cb68846,Printer,150.0
2023-02-25,00:00:00,Store_001,Cust_213,5d20435e-0512-43f5-9aa7-7d8a991a60f7,Monitor,300.0
2023-02-25,00:00:00,Store_001,Cust_213,5d20435e-0512-43f5-9aa7-7d8a991a60f7,Keyboard,45.0
2023-02-25,00:00:00,Store_001,Cust_774,eb8374c0-a37f-416b-af22-0aff43e69d92,Laptop,1200.0
2023-02-25,00:00:00,Store_001,Cust_774,eb8374c0-a37f-416b-af22-0aff43e69d92,Mouse,25.0
2023-02-25,00:00:00,Store_001,Cust_774,eb8374c0-a37f-416b-af22-0aff43e69d92,Printer,150.0
2023-02-26,00:00:00,Store_001,Cust_357,b80813a6-efdb-41c4-89e1-7233fc8448e4,Monitor,300.0
2023-02-26,00:00:00,Store_001,Cust_357,b80813a6-efdb-41c4-89e1-7233fc8448e4,Laptop,1200.0
2023-02-26,00:00:00,Store_001,Cust_357,b80813a6-efdb-41c4-89e1-7233fc8448e4,Printer,150.0
2023-02-26,00:00:00,Store_001,Cust_565,7009660a-80f1-4a9b-b1ce-f138b4d65484,Keyboard,45.0
2023-02-26,00:00:00,Store_001,Cust_534,ab3e1f66-fc32-480a-ab39-0edb1630f219,Keyboard,45.0
2023-02-26,00:00:00,Store_001,Cust_534,ab3e1f66-fc32-480a-ab39-0edb1630f219,Laptop,1200.0
2023-02-26,00:00:00,Store_001,Cust_346,5589e76f-9a94-4a17-9200-1be376be279d,Laptop,1200.0
2023-02-26,00:00:00,Store_001,Cust_769,c04bc650-725c-485a-84a8-a3715c9210f8,Laptop,1200.0
2023-02-26,00:00:00,Store_001,Cust_910,db9f8e8a-ce23-4f88-b91f-7672fdcfe6a4,Printer,150.0